ID_LOKAL,DRUH,PA_TYPE,PA_SPECIES
7774853,Phengaris nausithous,EVL_any,NA
10223487,Phengaris teleius,EVL_any,NA
8655397,Phengaris teleius,EVL_any,NA
7774853,Phengaris teleius,EVL_any,NA
8574267,Phengaris nausithous,EVL_any,NA
8574266,Phengaris nausithous,EVL_any,NA
8110841,Phengaris nausithous,EVL_any,NA
8574401,Phengaris nausithous,EVL_any,NA
10505887,Phengaris nausithous,EVL_any,NA
7642848,Phengaris nausithous,EVL_any,NA
7536158,Phengaris nausithous,EVL_any,NA
7642848,Phengaris teleius,EVL_any,NA
11947046,Phengaris nausithous,EVL_any,NA
9376551,Phengaris nausithous,EVL_any,NA
9376552,Phengaris nausithous,EVL_any,NA
9338520,Phengaris nausithous,EVL_any,NA
9338489,Phengaris nausithous,EVL_any,NA
8208750,Phengaris nausithous,EVL_any,NA
8208738,Phengaris nausithous,EVL_any,NA
12672032,Phengaris nausithous,EVL_any,NA
12671302,Phengaris nausithous,EVL_any,NA
12671439,Phengaris nausithous,EVL_any,NA
8574003,Phengaris nausithous,EVL_any,NA
8573999,Phengaris nausithous,EVL_any,NA
8475662,Phengaris nausithous,EVL_any,NA
8475661,Phengaris nausithous,EVL_any,NA
7587601,Phengaris nausithous,EVL_any,NA
7587558,Phengaris nausithous,EVL_any,NA
5360857,Phengaris nausithous,EVL_any,NA
5360857,Phengaris nausithous,EVL_any,NA
12671758,Phengaris teleius,EVL_any,NA
12671229,Phengaris teleius,EVL_any,NA
12670904,Phengaris teleius,EVL_any,NA
8574004,Phengaris teleius,EVL_any,NA
8574000,Phengaris teleius,EVL_any,NA
7587558,Phengaris teleius,EVL_any,NA
5360857,Phengaris teleius,EVL_any,NA
8574046,Phengaris nausithous,EVL_any,NA
8574043,Phengaris nausithous,EVL_any,NA
8318948,Phengaris nausithous,EVL_any,NA
7187602,Phengaris nausithous,EVL_any,NA
7187568,Phengaris nausithous,EVL_any,NA
7187567,Phengaris nausithous,EVL_any,NA
7187566,Phengaris nausithous,EVL_any,NA
8574047,Phengaris teleius,EVL_any,NA
8574044,Phengaris teleius,EVL_any,NA
8318948,Phengaris teleius,EVL_any,NA
7537480,Phengaris teleius,EVL_any,NA
8769680,Phengaris nausithous,EVL_any,NA
8769707,Phengaris nausithous,EVL_any,NA
8574273,Phengaris nausithous,EVL_any,NA
8574271,Phengaris nausithous,EVL_any,NA
8574020,Phengaris nausithous,EVL_any,NA
8574014,Phengaris nausithous,EVL_any,NA
8318954,Phengaris nausithous,EVL_any,NA
7029597,Phengaris nausithous,EVL_any,NA
7029595,Phengaris nausithous,EVL_any,NA
8574021,Phengaris teleius,EVL_any,NA
8574015,Phengaris teleius,EVL_any,NA
8318954,Phengaris teleius,EVL_any,NA
12671581,Phengaris nausithous,EVL_any,NA
10099649,Phengaris nausithous,EVL_any,NA
10082713,Phengaris nausithous,EVL_any,NA
9365969,Phengaris nausithous,EVL_any,NA
8795995,Phengaris nausithous,EVL_any,NA
8574058,Phengaris nausithous,EVL_any,NA
8095243,Phengaris nausithous,EVL_any,NA
8095243,Phengaris nausithous,EVL_any,NA
7587642,Phengaris nausithous,EVL_any,NA
7187780,Phengaris nausithous,EVL_any,NA
9381660,Phengaris nausithous,EVL_any,NA
9381605,Phengaris nausithous,EVL_any,NA
9376665,Phengaris nausithous,EVL_any,NA
8574012,Phengaris nausithous,EVL_any,NA
8574010,Phengaris nausithous,EVL_any,NA
8574007,Phengaris nausithous,EVL_any,NA
7774921,Phengaris nausithous,EVL_any,NA
7774895,Phengaris nausithous,EVL_any,NA
8574013,Phengaris teleius,EVL_any,NA
8574011,Phengaris teleius,EVL_any,NA
8574008,Phengaris teleius,EVL_any,NA
7774921,Phengaris teleius,EVL_any,NA
7774895,Phengaris teleius,EVL_any,NA
10769669,Phengaris nausithous,EVL_any,NA
10769278,Phengaris nausithous,EVL_any,NA
10769010,Phengaris nausithous,EVL_any,NA
10085372,Phengaris nausithous,EVL_any,NA
9628737,Phengaris nausithous,EVL_any,NA
9487728,Phengaris nausithous,EVL_any,NA
9369755,Phengaris nausithous,EVL_any,NA
9369752,Phengaris nausithous,EVL_any,NA
9367087,Phengaris nausithous,EVL_any,NA
9367086,Phengaris nausithous,EVL_any,NA
9363102,Phengaris nausithous,EVL_any,NA
9363101,Phengaris nausithous,EVL_any,NA
9256858,Phengaris nausithous,EVL_any,NA
9256822,Phengaris nausithous,EVL_any,NA
9256814,Phengaris nausithous,EVL_any,NA
9256831,Phengaris nausithous,EVL_any,NA
9256826,Phengaris nausithous,EVL_any,NA
9256850,Phengaris nausithous,EVL_any,NA
9256813,Phengaris nausithous,EVL_any,NA
9256855,Phengaris nausithous,EVL_any,NA
9256851,Phengaris nausithous,EVL_any,NA
9256817,Phengaris nausithous,EVL_any,NA
9256825,Phengaris nausithous,EVL_any,NA
9256857,Phengaris nausithous,EVL_any,NA
9256839,Phengaris nausithous,EVL_any,NA
9256845,Phengaris nausithous,EVL_any,NA
9256832,Phengaris nausithous,EVL_any,NA
9255475,Phengaris nausithous,EVL_any,NA
9255465,Phengaris nausithous,EVL_any,NA
9255463,Phengaris nausithous,EVL_any,NA
9255470,Phengaris nausithous,EVL_any,NA
9255468,Phengaris nausithous,EVL_any,NA
9255466,Phengaris nausithous,EVL_any,NA
9255471,Phengaris nausithous,EVL_any,NA
9255472,Phengaris nausithous,EVL_any,NA
9255469,Phengaris nausithous,EVL_any,NA
9255476,Phengaris nausithous,EVL_any,NA
9255464,Phengaris nausithous,EVL_any,NA
8799966,Phengaris nausithous,EVL_any,NA
8636968,Phengaris nausithous,EVL_any,NA
8611362,Phengaris nausithous,EVL_any,NA
8574722,Phengaris nausithous,EVL_any,NA
8574721,Phengaris nausithous,EVL_any,NA
8574720,Phengaris nausithous,EVL_any,NA
8574719,Phengaris nausithous,EVL_any,NA
8574718,Phengaris nausithous,EVL_any,NA
8574717,Phengaris nausithous,EVL_any,NA
8574716,Phengaris nausithous,EVL_any,NA
8574715,Phengaris nausithous,EVL_any,NA
8574713,Phengaris nausithous,EVL_any,NA
8574712,Phengaris nausithous,EVL_any,NA
8574711,Phengaris nausithous,EVL_any,NA
8574710,Phengaris nausithous,EVL_any,NA
8574709,Phengaris nausithous,EVL_any,NA
8574708,Phengaris nausithous,EVL_any,NA
8574707,Phengaris nausithous,EVL_any,NA
8574706,Phengaris nausithous,EVL_any,NA
8574705,Phengaris nausithous,EVL_any,NA
8574704,Phengaris nausithous,EVL_any,NA
8574702,Phengaris nausithous,EVL_any,NA
8574701,Phengaris nausithous,EVL_any,NA
8574700,Phengaris nausithous,EVL_any,NA
8574699,Phengaris nausithous,EVL_any,NA
8574697,Phengaris nausithous,EVL_any,NA
8574695,Phengaris nausithous,EVL_any,NA
8574693,Phengaris nausithous,EVL_any,NA
8574692,Phengaris nausithous,EVL_any,NA
8574597,Phengaris nausithous,EVL_any,NA
8307509,Phengaris nausithous,EVL_any,NA
7945289,Phengaris nausithous,EVL_any,NA
7945289,Phengaris nausithous,EVL_any,NA
7945779,Phengaris nausithous,EVL_any,NA
7945309,Phengaris nausithous,EVL_any,NA
7789445,Phengaris nausithous,EVL_any,NA
7775042,Phengaris nausithous,EVL_any,NA
7774988,Phengaris nausithous,EVL_any,NA
7774911,Phengaris nausithous,EVL_any,NA
7774910,Phengaris nausithous,EVL_any,NA
7774909,Phengaris nausithous,EVL_any,NA
7774908,Phengaris nausithous,EVL_any,NA
7774907,Phengaris nausithous,EVL_any,NA
7774906,Phengaris nausithous,EVL_any,NA
7774905,Phengaris nausithous,EVL_any,NA
7774904,Phengaris nausithous,EVL_any,NA
7774903,Phengaris nausithous,EVL_any,NA
7666732,Phengaris nausithous,EVL_any,NA
7639441,Phengaris nausithous,EVL_any,NA
7640209,Phengaris nausithous,EVL_any,NA
7552193,Phengaris nausithous,EVL_any,NA
7187819,Phengaris nausithous,EVL_any,NA
7187818,Phengaris nausithous,EVL_any,NA
7187503,Phengaris nausithous,EVL_any,NA
7187502,Phengaris nausithous,EVL_any,NA
7187501,Phengaris nausithous,EVL_any,NA
7187500,Phengaris nausithous,EVL_any,NA
7187499,Phengaris nausithous,EVL_any,NA
7187498,Phengaris nausithous,EVL_any,NA
7187497,Phengaris nausithous,EVL_any,NA
7187496,Phengaris nausithous,EVL_any,NA
7187495,Phengaris nausithous,EVL_any,NA
7187494,Phengaris nausithous,EVL_any,NA
7187493,Phengaris nausithous,EVL_any,NA
7187492,Phengaris nausithous,EVL_any,NA
7187243,Phengaris nausithous,EVL_any,NA
7187242,Phengaris nausithous,EVL_any,NA
7187241,Phengaris nausithous,EVL_any,NA
7187240,Phengaris nausithous,EVL_any,NA
7187239,Phengaris nausithous,EVL_any,NA
7187238,Phengaris nausithous,EVL_any,NA
7187237,Phengaris nausithous,EVL_any,NA
7187236,Phengaris nausithous,EVL_any,NA
7187235,Phengaris nausithous,EVL_any,NA
7187234,Phengaris nausithous,EVL_any,NA
7187076,Phengaris nausithous,EVL_any,NA
7187034,Phengaris nausithous,EVL_any,NA
7187033,Phengaris nausithous,EVL_any,NA
7187032,Phengaris nausithous,EVL_any,NA
7187008,Phengaris nausithous,EVL_any,NA
7033055,Phengaris nausithous,EVL_any,NA
7031459,Phengaris nausithous,EVL_any,NA
7031458,Phengaris nausithous,EVL_any,NA
10769276,Phengaris teleius,EVL_any,NA
10769276,Phengaris teleius,EVL_any,NA
10769248,Phengaris teleius,EVL_any,NA
10769252,Phengaris teleius,EVL_any,NA
10769242,Phengaris teleius,EVL_any,NA
10769242,Phengaris teleius,EVL_any,NA
10769232,Phengaris teleius,EVL_any,NA
10769102,Phengaris teleius,EVL_any,NA
10769077,Phengaris teleius,EVL_any,NA
10769010,Phengaris teleius,EVL_any,NA
10769010,Phengaris teleius,EVL_any,NA
10769001,Phengaris teleius,EVL_any,NA
10767894,Phengaris teleius,EVL_any,NA
10691166,Phengaris teleius,EVL_any,NA
10688677,Phengaris teleius,EVL_any,NA
1218356,Phengaris teleius,EVL_any,NA
1218356,Phengaris teleius,EVL_any,NA
1218356,Phengaris teleius,EVL_any,NA
10071663,Phengaris teleius,EVL_any,NA
9369752,Phengaris teleius,EVL_any,NA
9256854,Phengaris teleius,EVL_any,NA
9255474,Phengaris teleius,EVL_any,NA
9255467,Phengaris teleius,EVL_any,NA
9255473,Phengaris teleius,EVL_any,NA
8799966,Phengaris teleius,EVL_any,NA
8799966,Phengaris teleius,EVL_any,NA
8574714,Phengaris teleius,EVL_any,NA
8574703,Phengaris teleius,EVL_any,NA
8574698,Phengaris teleius,EVL_any,NA
8574696,Phengaris teleius,EVL_any,NA
8574694,Phengaris teleius,EVL_any,NA
8574691,Phengaris teleius,EVL_any,NA
8573992,Phengaris teleius,EVL_any,NA
7945289,Phengaris teleius,EVL_any,NA
7945289,Phengaris teleius,EVL_any,NA
7945289,Phengaris teleius,EVL_any,NA
7945289,Phengaris teleius,EVL_any,NA
7775042,Phengaris teleius,EVL_any,NA
7774911,Phengaris teleius,EVL_any,NA
7774910,Phengaris teleius,EVL_any,NA
7774909,Phengaris teleius,EVL_any,NA
7774908,Phengaris teleius,EVL_any,NA
7774907,Phengaris teleius,EVL_any,NA
7774906,Phengaris teleius,EVL_any,NA
7774905,Phengaris teleius,EVL_any,NA
7774904,Phengaris teleius,EVL_any,NA
7774903,Phengaris teleius,EVL_any,NA
7640209,Phengaris teleius,EVL_any,NA
7584357,Phengaris teleius,EVL_any,NA
7187078,Phengaris teleius,EVL_any,NA
7187077,Phengaris teleius,EVL_any,NA
7187034,Phengaris teleius,EVL_any,NA
7187033,Phengaris teleius,EVL_any,NA
7187032,Phengaris teleius,EVL_any,NA
8238087,Phengaris nausithous,EVL_any,NA
8238705,Phengaris nausithous,EVL_any,NA
7778073,Phengaris nausithous,EVL_any,NA
7778073,Phengaris nausithous,EVL_any,NA
7555293,Phengaris nausithous,EVL_any,NA
7533633,Phengaris nausithous,EVL_any,NA
7449338,Phengaris nausithous,EVL_any,NA
7322889,Phengaris nausithous,EVL_any,NA
7187051,Phengaris nausithous,EVL_any,NA
12692319,Phengaris teleius,EVL_any,NA
8616422,Phengaris teleius,EVL_any,NA
8238633,Phengaris teleius,EVL_any,NA
7965293,Phengaris teleius,EVL_any,NA
7778073,Phengaris teleius,EVL_any,NA
7778073,Phengaris teleius,EVL_any,NA
7775518,Phengaris teleius,EVL_any,NA
7774117,Phengaris teleius,EVL_any,NA
7322889,Phengaris teleius,EVL_any,NA
7316825,Phengaris teleius,EVL_any,NA
7187042,Phengaris teleius,EVL_any,NA
7026236,Phengaris teleius,EVL_any,NA
6957005,Phengaris teleius,EVL_any,NA
8091540,Phengaris nausithous,EVL_any,NA
8091540,Phengaris teleius,EVL_any,NA
11947080,Phengaris nausithous,EVL_any,NA
10682267,Phengaris nausithous,EVL_any,NA
10682267,Phengaris nausithous,EVL_any,NA
10234112,Phengaris nausithous,EVL_any,NA
10234111,Phengaris nausithous,EVL_any,NA
10233632,Phengaris nausithous,EVL_any,NA
8795023,Phengaris nausithous,EVL_any,NA
8558115,Phengaris nausithous,EVL_any,NA
8219513,Phengaris nausithous,EVL_any,NA
7187462,Phengaris nausithous,EVL_any,NA
7187275,Phengaris nausithous,EVL_any,NA
11947167,Phengaris teleius,EVL_any,NA
10682267,Phengaris teleius,EVL_any,NA
10682267,Phengaris teleius,EVL_any,NA
10234112,Phengaris teleius,EVL_any,NA
8795079,Phengaris teleius,EVL_any,NA
8558115,Phengaris teleius,EVL_any,NA
8219513,Phengaris teleius,EVL_any,NA
7187127,Phengaris teleius,EVL_any,NA
7187019,Phengaris teleius,EVL_any,NA
9305228,Phengaris teleius,EVL_any,NA
9305226,Phengaris teleius,EVL_any,NA
10108193,Phengaris nausithous,EVL_any,NA
7775091,Phengaris nausithous,EVL_any,NA
7775090,Phengaris nausithous,EVL_any,NA
7774997,Phengaris nausithous,EVL_any,NA
7775091,Phengaris teleius,EVL_any,NA
7775090,Phengaris teleius,EVL_any,NA
7774997,Phengaris teleius,EVL_any,NA
9235643,Phengaris nausithous,EVL_any,NA
7774900,Phengaris nausithous,EVL_any,NA
7774899,Phengaris nausithous,EVL_any,NA
7774898,Phengaris nausithous,EVL_any,NA
7774897,Phengaris nausithous,EVL_any,NA
7774896,Phengaris nausithous,EVL_any,NA
9361628,Phengaris teleius,EVL_any,NA
7965415,Phengaris teleius,EVL_any,NA
7956005,Phengaris teleius,EVL_any,NA
7956002,Phengaris teleius,EVL_any,NA
7774900,Phengaris teleius,EVL_any,NA
7774899,Phengaris teleius,EVL_any,NA
7774898,Phengaris teleius,EVL_any,NA
7774897,Phengaris teleius,EVL_any,NA
7774896,Phengaris teleius,EVL_any,NA
7187039,Phengaris teleius,EVL_any,NA
7187038,Phengaris teleius,EVL_any,NA
6957772,Phengaris teleius,EVL_any,NA
1835752,Phengaris teleius,EVL_any,NA
6957772,Phengaris teleius,EVL_any,NA
1835752,Phengaris teleius,EVL_any,NA
12692811,Phengaris nausithous,EVL_any,NA
12692673,Phengaris nausithous,EVL_any,NA
12692517,Phengaris nausithous,EVL_any,NA
12692514,Phengaris nausithous,EVL_any,NA
11132078,Phengaris nausithous,EVL_any,NA
11132078,Phengaris nausithous,EVL_any,NA
11123164,Phengaris nausithous,EVL_any,NA
10816578,Phengaris nausithous,EVL_any,NA
10661701,Phengaris nausithous,EVL_any,NA
10661701,Phengaris nausithous,EVL_any,NA
10151103,Phengaris nausithous,EVL_any,NA
10128865,Phengaris nausithous,EVL_any,NA
10128864,Phengaris nausithous,EVL_any,NA
10098567,Phengaris nausithous,EVL_any,NA
9361646,Phengaris nausithous,EVL_any,NA
8640850,Phengaris nausithous,EVL_any,NA
8620574,Phengaris nausithous,EVL_any,NA
8617411,Phengaris nausithous,EVL_any,NA
8606607,Phengaris nausithous,EVL_any,NA
8598232,Phengaris nausithous,EVL_any,NA
8574654,Phengaris nausithous,EVL_any,NA
8239915,Phengaris nausithous,EVL_any,NA
8238193,Phengaris nausithous,EVL_any,NA
8238193,Phengaris nausithous,EVL_any,NA
8238791,Phengaris nausithous,EVL_any,NA
8211921,Phengaris nausithous,EVL_any,NA
8211921,Phengaris nausithous,EVL_any,NA
8203581,Phengaris nausithous,EVL_any,NA
7950805,Phengaris nausithous,EVL_any,NA
7778167,Phengaris nausithous,EVL_any,NA
7778093,Phengaris nausithous,EVL_any,NA
7778075,Phengaris nausithous,EVL_any,NA
7775611,Phengaris nausithous,EVL_any,NA
7775611,Phengaris nausithous,EVL_any,NA
7775983,Phengaris nausithous,EVL_any,NA
7775995,Phengaris nausithous,EVL_any,NA
7775139,Phengaris nausithous,EVL_any,NA
7775089,Phengaris nausithous,EVL_any,NA
7775088,Phengaris nausithous,EVL_any,NA
7775087,Phengaris nausithous,EVL_any,NA
7775081,Phengaris nausithous,EVL_any,NA
7775080,Phengaris nausithous,EVL_any,NA
7774996,Phengaris nausithous,EVL_any,NA
7774981,Phengaris nausithous,EVL_any,NA
7774151,Phengaris nausithous,EVL_any,NA
7592171,Phengaris nausithous,EVL_any,NA
7568161,Phengaris nausithous,EVL_any,NA
7555292,Phengaris nausithous,EVL_any,NA
7533631,Phengaris nausithous,EVL_any,NA
7316868,Phengaris nausithous,EVL_any,NA
7316868,Phengaris nausithous,EVL_any,NA
7316861,Phengaris nausithous,EVL_any,NA
7316527,Phengaris nausithous,EVL_any,NA
7295350,Phengaris nausithous,EVL_any,NA
7284487,Phengaris nausithous,EVL_any,NA
7284487,Phengaris nausithous,EVL_any,NA
7299880,Phengaris nausithous,EVL_any,NA
7299880,Phengaris nausithous,EVL_any,NA
7281940,Phengaris nausithous,EVL_any,NA
7187088,Phengaris nausithous,EVL_any,NA
7187063,Phengaris nausithous,EVL_any,NA
7187061,Phengaris nausithous,EVL_any,NA
7187059,Phengaris nausithous,EVL_any,NA
7187057,Phengaris nausithous,EVL_any,NA
7187056,Phengaris nausithous,EVL_any,NA
7187055,Phengaris nausithous,EVL_any,NA
7187054,Phengaris nausithous,EVL_any,NA
7187053,Phengaris nausithous,EVL_any,NA
7187049,Phengaris nausithous,EVL_any,NA
7185085,Phengaris nausithous,EVL_any,NA
7185085,Phengaris nausithous,EVL_any,NA
7182178,Phengaris nausithous,EVL_any,NA
12692811,Phengaris teleius,EVL_any,NA
12692710,Phengaris teleius,EVL_any,NA
12692673,Phengaris teleius,EVL_any,NA
12692517,Phengaris teleius,EVL_any,NA
12692514,Phengaris teleius,EVL_any,NA
12692504,Phengaris teleius,EVL_any,NA
11132078,Phengaris teleius,EVL_any,NA
11132078,Phengaris teleius,EVL_any,NA
11132078,Phengaris teleius,EVL_any,NA
11123164,Phengaris teleius,EVL_any,NA
10164527,Phengaris teleius,EVL_any,NA
10151103,Phengaris teleius,EVL_any,NA
10150132,Phengaris teleius,EVL_any,NA
10150131,Phengaris teleius,EVL_any,NA
10150117,Phengaris teleius,EVL_any,NA
10128869,Phengaris teleius,EVL_any,NA
10128868,Phengaris teleius,EVL_any,NA
10128865,Phengaris teleius,EVL_any,NA
10098567,Phengaris teleius,EVL_any,NA
10098567,Phengaris teleius,EVL_any,NA
9479306,Phengaris teleius,EVL_any,NA
8585524,Phengaris teleius,EVL_any,NA
9381118,Phengaris teleius,EVL_any,NA
9363105,Phengaris teleius,EVL_any,NA
9363103,Phengaris teleius,EVL_any,NA
9363103,Phengaris teleius,EVL_any,NA
9359972,Phengaris teleius,EVL_any,NA
7392756,Phengaris teleius,EVL_any,NA
8720077,Phengaris teleius,EVL_any,NA
8620574,Phengaris teleius,EVL_any,NA
8598381,Phengaris teleius,EVL_any,NA
8598531,Phengaris teleius,EVL_any,NA
8595054,Phengaris teleius,EVL_any,NA
8595135,Phengaris teleius,EVL_any,NA
8595304,Phengaris teleius,EVL_any,NA
8595071,Phengaris teleius,EVL_any,NA
8595070,Phengaris teleius,EVL_any,NA
8595068,Phengaris teleius,EVL_any,NA
8585530,Phengaris teleius,EVL_any,NA
8564584,Phengaris teleius,EVL_any,NA
8564575,Phengaris teleius,EVL_any,NA
8475665,Phengaris teleius,EVL_any,NA
8086776,Phengaris teleius,EVL_any,NA
7966306,Phengaris teleius,EVL_any,NA
7778167,Phengaris teleius,EVL_any,NA
7778093,Phengaris teleius,EVL_any,NA
7778075,Phengaris teleius,EVL_any,NA
7775611,Phengaris teleius,EVL_any,NA
7775611,Phengaris teleius,EVL_any,NA
7775182,Phengaris teleius,EVL_any,NA
7775198,Phengaris teleius,EVL_any,NA
7775198,Phengaris teleius,EVL_any,NA
7775194,Phengaris teleius,EVL_any,NA
7775194,Phengaris teleius,EVL_any,NA
7775188,Phengaris teleius,EVL_any,NA
7775182,Phengaris teleius,EVL_any,NA
7775161,Phengaris teleius,EVL_any,NA
7775089,Phengaris teleius,EVL_any,NA
7775088,Phengaris teleius,EVL_any,NA
7775087,Phengaris teleius,EVL_any,NA
7775081,Phengaris teleius,EVL_any,NA
7775080,Phengaris teleius,EVL_any,NA
7774996,Phengaris teleius,EVL_any,NA
7774981,Phengaris teleius,EVL_any,NA
7774151,Phengaris teleius,EVL_any,NA
7774138,Phengaris teleius,EVL_any,NA
7774117,Phengaris teleius,EVL_any,NA
7774069,Phengaris teleius,EVL_any,NA
7392732,Phengaris teleius,EVL_any,NA
7392756,Phengaris teleius,EVL_any,NA
7547951,Phengaris teleius,EVL_any,NA
7547951,Phengaris teleius,EVL_any,NA
7547948,Phengaris teleius,EVL_any,NA
7547946,Phengaris teleius,EVL_any,NA
7547946,Phengaris teleius,EVL_any,NA
7547945,Phengaris teleius,EVL_any,NA
7547945,Phengaris teleius,EVL_any,NA
7533631,Phengaris teleius,EVL_any,NA
7364875,Phengaris teleius,EVL_any,NA
7361645,Phengaris teleius,EVL_any,NA
7322900,Phengaris teleius,EVL_any,NA
7322896,Phengaris teleius,EVL_any,NA
7316880,Phengaris teleius,EVL_any,NA
7316868,Phengaris teleius,EVL_any,NA
7316865,Phengaris teleius,EVL_any,NA
7316861,Phengaris teleius,EVL_any,NA
7316527,Phengaris teleius,EVL_any,NA
7316527,Phengaris teleius,EVL_any,NA
7316527,Phengaris teleius,EVL_any,NA
7295350,Phengaris teleius,EVL_any,NA
7284487,Phengaris teleius,EVL_any,NA
7284487,Phengaris teleius,EVL_any,NA
7187062,Phengaris teleius,EVL_any,NA
7187060,Phengaris teleius,EVL_any,NA
7187058,Phengaris teleius,EVL_any,NA
7185085,Phengaris teleius,EVL_any,NA
7184900,Phengaris teleius,EVL_any,NA
9305549,Phengaris nausithous,EVL_any,NA
9305220,Phengaris nausithous,EVL_any,NA
9305565,Phengaris teleius,EVL_any,NA
9305556,Phengaris teleius,EVL_any,NA
9305556,Phengaris teleius,EVL_any,NA
9305554,Phengaris teleius,EVL_any,NA
9305220,Phengaris teleius,EVL_any,NA
9305192,Phengaris teleius,EVL_any,NA
8555258,Phengaris teleius,EVL_any,NA
6545324,Phengaris nausithous,EVL_any,NA
6545279,Phengaris nausithous,EVL_any,NA
6545324,Phengaris nausithous,EVL_any,NA
6545324,Phengaris nausithous,EVL_any,NA
6545324,Phengaris nausithous,EVL_any,NA
6545324,Phengaris nausithous,EVL_any,NA
6545324,Phengaris nausithous,EVL_any,NA
12692570,Phengaris nausithous,EVL_any,NA
12692549,Phengaris nausithous,EVL_any,NA
9362394,Phengaris nausithous,EVL_any,NA
9361638,Phengaris nausithous,EVL_any,NA
9305469,Phengaris nausithous,EVL_any,NA
9305469,Phengaris nausithous,EVL_any,NA
12692571,Phengaris teleius,EVL_any,NA
12692570,Phengaris teleius,EVL_any,NA
9362394,Phengaris teleius,EVL_any,NA
9361638,Phengaris teleius,EVL_any,NA
9305469,Phengaris teleius,EVL_any,NA
9305468,Phengaris teleius,EVL_any,NA
7166362,Phengaris nausithous,EVL_any,NA
7068987,Phengaris nausithous,EVL_any,NA
7068949,Phengaris nausithous,EVL_any,NA
7068993,Phengaris nausithous,EVL_any,NA
7068949,Phengaris nausithous,EVL_any,NA
7068989,Phengaris nausithous,EVL_any,NA
7166362,Phengaris teleius,EVL_any,NA
7068949,Phengaris teleius,EVL_any,NA
7068993,Phengaris teleius,EVL_any,NA
7068993,Phengaris teleius,EVL_any,NA
8352568,Phengaris nausithous,EVL_any,NA
8956772,Phengaris nausithous,EVL_any,NA
12670943,Phengaris nausithous,EVL_any,NA
9473558,Phengaris nausithous,EVL_any,NA
12671906,Phengaris nausithous,EVL_any,NA
12672077,Phengaris nausithous,EVL_any,NA
12672007,Phengaris nausithous,EVL_any,NA
12671250,Phengaris nausithous,EVL_any,NA
12671813,Phengaris nausithous,EVL_any,NA
12671218,Phengaris nausithous,EVL_any,NA
11947099,Phengaris nausithous,EVL_any,NA
10083261,Phengaris nausithous,EVL_any,NA
7587704,Phengaris nausithous,EVL_any,NA
7549386,Phengaris nausithous,EVL_any,NA
7540301,Phengaris nausithous,EVL_any,NA
7540443,Phengaris nausithous,EVL_any,NA
7540436,Phengaris nausithous,EVL_any,NA
7540435,Phengaris nausithous,EVL_any,NA
7187684,Phengaris nausithous,EVL_any,NA
7187682,Phengaris nausithous,EVL_any,NA
7187681,Phengaris nausithous,EVL_any,NA
7187680,Phengaris nausithous,EVL_any,NA
7187679,Phengaris nausithous,EVL_any,NA
7187677,Phengaris nausithous,EVL_any,NA
7187673,Phengaris nausithous,EVL_any,NA
7187672,Phengaris nausithous,EVL_any,NA
7187671,Phengaris nausithous,EVL_any,NA
7187634,Phengaris nausithous,EVL_any,NA
7187632,Phengaris nausithous,EVL_any,NA
7187622,Phengaris nausithous,EVL_any,NA
7187621,Phengaris nausithous,EVL_any,NA
7187620,Phengaris nausithous,EVL_any,NA
7187619,Phengaris nausithous,EVL_any,NA
7187618,Phengaris nausithous,EVL_any,NA
7187617,Phengaris nausithous,EVL_any,NA
7187616,Phengaris nausithous,EVL_any,NA
7187615,Phengaris nausithous,EVL_any,NA
7187614,Phengaris nausithous,EVL_any,NA
7187556,Phengaris nausithous,EVL_any,NA
7187552,Phengaris nausithous,EVL_any,NA
7187550,Phengaris nausithous,EVL_any,NA
7187549,Phengaris nausithous,EVL_any,NA
7187548,Phengaris nausithous,EVL_any,NA
7187547,Phengaris nausithous,EVL_any,NA
7187547,Phengaris nausithous,EVL_any,NA
7187546,Phengaris nausithous,EVL_any,NA
7187545,Phengaris nausithous,EVL_any,NA
7187544,Phengaris nausithous,EVL_any,NA
7187541,Phengaris nausithous,EVL_any,NA
7187540,Phengaris nausithous,EVL_any,NA
7187539,Phengaris nausithous,EVL_any,NA
7187538,Phengaris nausithous,EVL_any,NA
7187510,Phengaris nausithous,EVL_any,NA
7187509,Phengaris nausithous,EVL_any,NA
7187508,Phengaris nausithous,EVL_any,NA
7187507,Phengaris nausithous,EVL_any,NA
7187506,Phengaris nausithous,EVL_any,NA
7187505,Phengaris nausithous,EVL_any,NA
7187450,Phengaris nausithous,EVL_any,NA
7187446,Phengaris nausithous,EVL_any,NA
7187403,Phengaris nausithous,EVL_any,NA
7187398,Phengaris nausithous,EVL_any,NA
7187397,Phengaris nausithous,EVL_any,NA
7187306,Phengaris nausithous,EVL_any,NA
7187301,Phengaris nausithous,EVL_any,NA
7187298,Phengaris nausithous,EVL_any,NA
7187294,Phengaris nausithous,EVL_any,NA
7187284,Phengaris nausithous,EVL_any,NA
7187283,Phengaris nausithous,EVL_any,NA
7187283,Phengaris nausithous,EVL_any,NA
7187011,Phengaris nausithous,EVL_any,NA
7040848,Phengaris nausithous,EVL_any,NA
7040722,Phengaris nausithous,EVL_any,NA
7040719,Phengaris nausithous,EVL_any,NA
7040708,Phengaris nausithous,EVL_any,NA
7040704,Phengaris nausithous,EVL_any,NA
7039046,Phengaris nausithous,EVL_any,NA
7066628,Phengaris nausithous,EVL_any,NA
7038154,Phengaris nausithous,EVL_any,NA
7038113,Phengaris nausithous,EVL_any,NA
7028567,Phengaris nausithous,EVL_any,NA
7028564,Phengaris nausithous,EVL_any,NA
7028536,Phengaris nausithous,EVL_any,NA
7028533,Phengaris nausithous,EVL_any,NA
7028529,Phengaris nausithous,EVL_any,NA
8574352,Phengaris nausithous,EVL_any,NA
8574351,Phengaris nausithous,EVL_any,NA
12671379,Phengaris nausithous,EVL_any,NA
12671299,Phengaris nausithous,EVL_any,NA
12671740,Phengaris nausithous,EVL_any,NA
12671452,Phengaris nausithous,EVL_any,NA
12671232,Phengaris nausithous,EVL_any,NA
12670937,Phengaris nausithous,EVL_any,NA
12671704,Phengaris nausithous,EVL_any,NA
12671683,Phengaris nausithous,EVL_any,NA
12671663,Phengaris nausithous,EVL_any,NA
12671762,Phengaris nausithous,EVL_any,NA
12671684,Phengaris nausithous,EVL_any,NA
8574451,Phengaris nausithous,EVL_any,NA
12671275,Phengaris nausithous,EVL_any,NA
8574123,Phengaris nausithous,EVL_any,NA
12671975,Phengaris nausithous,EVL_any,NA
12671538,Phengaris nausithous,EVL_any,NA
12671853,Phengaris nausithous,EVL_any,NA
12671550,Phengaris nausithous,EVL_any,NA
12672053,Phengaris nausithous,EVL_any,NA
8318888,Phengaris nausithous,EVL_any,NA
8318887,Phengaris nausithous,EVL_any,NA
8318886,Phengaris nausithous,EVL_any,NA
7187542,Phengaris nausithous,EVL_any,NA
8318888,Phengaris teleius,EVL_any,NA
8318887,Phengaris teleius,EVL_any,NA
8318886,Phengaris teleius,EVL_any,NA
12671684,Phengaris nausithous,EVL_any,NA
8574446,Phengaris nausithous,EVL_any,NA
11947131,Phengaris nausithous,EVL_any,NA
8106643,Phengaris nausithous,EVL_any,NA
7587556,Phengaris nausithous,EVL_any,NA
12671881,Phengaris nausithous,EVL_any,NA
12671743,Phengaris nausithous,EVL_any,NA
12672007,Phengaris nausithous,EVL_any,NA
12671475,Phengaris nausithous,EVL_any,NA
12671429,Phengaris nausithous,EVL_any,NA
12671093,Phengaris nausithous,EVL_any,NA
12671332,Phengaris nausithous,EVL_any,NA
12671399,Phengaris nausithous,EVL_any,NA
12671148,Phengaris nausithous,EVL_any,NA
12671962,Phengaris nausithous,EVL_any,NA
12671486,Phengaris nausithous,EVL_any,NA
12672013,Phengaris nausithous,EVL_any,NA
12671805,Phengaris nausithous,EVL_any,NA
11947086,Phengaris nausithous,EVL_any,NA
11947132,Phengaris nausithous,EVL_any,NA
11947114,Phengaris nausithous,EVL_any,NA
11947170,Phengaris nausithous,EVL_any,NA
11947145,Phengaris nausithous,EVL_any,NA
8574455,Phengaris nausithous,EVL_any,NA
7587797,Phengaris nausithous,EVL_any,NA
7587796,Phengaris nausithous,EVL_any,NA
7587795,Phengaris nausithous,EVL_any,NA
7549430,Phengaris nausithous,EVL_any,NA
7549429,Phengaris nausithous,EVL_any,NA
7549423,Phengaris nausithous,EVL_any,NA
7521148,Phengaris nausithous,EVL_any,NA
7187670,Phengaris nausithous,EVL_any,NA
7187631,Phengaris nausithous,EVL_any,NA
7187630,Phengaris nausithous,EVL_any,NA
7187543,Phengaris nausithous,EVL_any,NA
7187532,Phengaris nausithous,EVL_any,NA
7187531,Phengaris nausithous,EVL_any,NA
7187530,Phengaris nausithous,EVL_any,NA
7187529,Phengaris nausithous,EVL_any,NA
7187528,Phengaris nausithous,EVL_any,NA
7187527,Phengaris nausithous,EVL_any,NA
7187511,Phengaris nausithous,EVL_any,NA
7187445,Phengaris nausithous,EVL_any,NA
7187300,Phengaris nausithous,EVL_any,NA
7187287,Phengaris nausithous,EVL_any,NA
7187278,Phengaris nausithous,EVL_any,NA
7038147,Phengaris nausithous,EVL_any,NA
7038146,Phengaris nausithous,EVL_any,NA
7038145,Phengaris nausithous,EVL_any,NA
7038129,Phengaris nausithous,EVL_any,NA
7038118,Phengaris nausithous,EVL_any,NA
7030803,Phengaris nausithous,EVL_any,NA
7030802,Phengaris nausithous,EVL_any,NA
7028548,Phengaris nausithous,EVL_any,NA
7028525,Phengaris nausithous,EVL_any,NA
12671058,Phengaris nausithous,EVL_any,NA
12671958,Phengaris nausithous,EVL_any,NA
8260689,Phengaris nausithous,EVL_any,NA
12671157,Phengaris teleius,EVL_any,NA
12671364,Phengaris teleius,EVL_any,NA
9364679,Phengaris nausithous,EVL_any,NA
8236033,Phengaris nausithous,EVL_any,NA
8236033,Phengaris teleius,EVL_any,NA
9619998,Phengaris teleius,EVL_any,NA
8796031,Phengaris nausithous,EVL_any,NA
10094297,Phengaris nausithous,EVL_any,NA
8611983,Phengaris nausithous,EVL_any,NA
8475646,Phengaris nausithous,EVL_any,NA
8475645,Phengaris nausithous,EVL_any,NA
8097068,Phengaris nausithous,EVL_any,NA
7187071,Phengaris nausithous,EVL_any,NA
7038905,Phengaris nausithous,EVL_any,NA
10094297,Phengaris teleius,EVL_any,NA
10070361,Phengaris teleius,EVL_any,NA
8611983,Phengaris teleius,EVL_any,NA
8097068,Phengaris teleius,EVL_any,NA
7556239,Phengaris teleius,EVL_any,NA
10861645,Phengaris nausithous,EVL_any,NA
10080746,Phengaris nausithous,EVL_any,NA
10080864,Phengaris nausithous,EVL_any,NA
9593142,Phengaris nausithous,EVL_any,NA
8623714,Phengaris nausithous,EVL_any,NA
8248209,Phengaris nausithous,EVL_any,NA
7587566,Phengaris nausithous,EVL_any,NA
7587561,Phengaris nausithous,EVL_any,NA
10861645,Phengaris teleius,EVL_any,NA
10080746,Phengaris teleius,EVL_any,NA
10080864,Phengaris teleius,EVL_any,NA
9593142,Phengaris teleius,EVL_any,NA
8248209,Phengaris teleius,EVL_any,NA
7587565,Phengaris teleius,EVL_any,NA
12671992,Phengaris nausithous,EVL_any,NA
12670911,Phengaris nausithous,EVL_any,NA
12670955,Phengaris nausithous,EVL_any,NA
12671838,Phengaris nausithous,EVL_any,NA
12671000,Phengaris nausithous,EVL_any,NA
12672029,Phengaris nausithous,EVL_any,NA
12671701,Phengaris nausithous,EVL_any,NA
12671537,Phengaris nausithous,EVL_any,NA
12671017,Phengaris nausithous,EVL_any,NA
12671069,Phengaris nausithous,EVL_any,NA
12671412,Phengaris nausithous,EVL_any,NA
9922141,Phengaris nausithous,EVL_any,NA
9496559,Phengaris nausithous,EVL_any,NA
8770162,Phengaris nausithous,EVL_any,NA
8648545,Phengaris nausithous,EVL_any,NA
8578427,Phengaris nausithous,EVL_any,NA
8475647,Phengaris nausithous,EVL_any,NA
8318958,Phengaris nausithous,EVL_any,NA
7954948,Phengaris nausithous,EVL_any,NA
7774919,Phengaris nausithous,EVL_any,NA
7774918,Phengaris nausithous,EVL_any,NA
7187695,Phengaris nausithous,EVL_any,NA
7187660,Phengaris nausithous,EVL_any,NA
12671790,Phengaris teleius,EVL_any,NA
12671411,Phengaris teleius,EVL_any,NA
12671170,Phengaris teleius,EVL_any,NA
12672049,Phengaris teleius,EVL_any,NA
12670940,Phengaris teleius,EVL_any,NA
12671185,Phengaris teleius,EVL_any,NA
12671925,Phengaris teleius,EVL_any,NA
12670899,Phengaris teleius,EVL_any,NA
12671715,Phengaris teleius,EVL_any,NA
12671839,Phengaris teleius,EVL_any,NA
9628708,Phengaris teleius,EVL_any,NA
9628859,Phengaris teleius,EVL_any,NA
9496554,Phengaris teleius,EVL_any,NA
8770163,Phengaris teleius,EVL_any,NA
8578427,Phengaris teleius,EVL_any,NA
7774919,Phengaris teleius,EVL_any,NA
7774918,Phengaris teleius,EVL_any,NA
8770215,Phengaris nausithous,EVL_any,NA
8770157,Phengaris nausithous,EVL_any,NA
8770161,Phengaris nausithous,EVL_any,NA
8770156,Phengaris nausithous,EVL_any,NA
8770147,Phengaris nausithous,EVL_any,NA
8318957,Phengaris nausithous,EVL_any,NA
8318956,Phengaris nausithous,EVL_any,NA
7774917,Phengaris nausithous,EVL_any,NA
7774916,Phengaris nausithous,EVL_any,NA
7628392,Phengaris nausithous,EVL_any,NA
7606983,Phengaris nausithous,EVL_any,NA
7606983,Phengaris nausithous,EVL_any,NA
7606983,Phengaris nausithous,EVL_any,NA
7587595,Phengaris nausithous,EVL_any,NA
7187608,Phengaris nausithous,EVL_any,NA
7187604,Phengaris nausithous,EVL_any,NA
7187601,Phengaris nausithous,EVL_any,NA
7187084,Phengaris nausithous,EVL_any,NA
7187047,Phengaris nausithous,EVL_any,NA
9628861,Phengaris teleius,EVL_any,NA
8770160,Phengaris teleius,EVL_any,NA
8770159,Phengaris teleius,EVL_any,NA
8770211,Phengaris teleius,EVL_any,NA
8770143,Phengaris teleius,EVL_any,NA
8770210,Phengaris teleius,EVL_any,NA
8578543,Phengaris teleius,EVL_any,NA
8318957,Phengaris teleius,EVL_any,NA
8318956,Phengaris teleius,EVL_any,NA
7774917,Phengaris teleius,EVL_any,NA
7774916,Phengaris teleius,EVL_any,NA
7614557,Phengaris teleius,EVL_any,NA
7614557,Phengaris teleius,EVL_any,NA
7587595,Phengaris teleius,EVL_any,NA
9293829,Phengaris nausithous,EVL_any,NA
8611374,Phengaris nausithous,EVL_any,NA
8207692,Phengaris nausithous,EVL_any,NA
8611374,Phengaris teleius,EVL_any,NA
10083734,Phengaris nausithous,EVL_any,NA
9628848,Phengaris nausithous,EVL_any,NA
7298445,Phengaris nausithous,EVL_any,NA
8574298,Phengaris nausithous,EVL_any,NA
8574299,Phengaris teleius,EVL_any,NA
9590080,Phengaris nausithous,EVL_any,NA
9590075,Phengaris nausithous,EVL_any,NA
9590073,Phengaris nausithous,EVL_any,NA
7827991,Phengaris nausithous,EVL_any,NA
7613037,Phengaris nausithous,EVL_any,NA
7522255,Phengaris nausithous,EVL_any,NA
7522253,Phengaris nausithous,EVL_any,NA
7522247,Phengaris nausithous,EVL_any,NA
7179648,Phengaris nausithous,EVL_any,NA
9590080,Phengaris teleius,EVL_any,NA
7522247,Phengaris teleius,EVL_any,NA
8393150,Phengaris nausithous,EVL_any,NA
7039848,Phengaris nausithous,EVL_any,NA
12760421,Phengaris nausithous,EVL_any,NA
12760419,Phengaris nausithous,EVL_any,NA
12671514,Phengaris nausithous,EVL_any,NA
12671544,Phengaris nausithous,EVL_any,NA
12671569,Phengaris nausithous,EVL_any,NA
12671820,Phengaris nausithous,EVL_any,NA
12671929,Phengaris nausithous,EVL_any,NA
11071948,Phengaris nausithous,EVL_any,NA
11071944,Phengaris nausithous,EVL_any,NA
10505901,Phengaris nausithous,EVL_any,NA
10505897,Phengaris nausithous,EVL_any,NA
10198219,Phengaris nausithous,EVL_any,NA
10198218,Phengaris nausithous,EVL_any,NA
10198217,Phengaris nausithous,EVL_any,NA
10198216,Phengaris nausithous,EVL_any,NA
10198215,Phengaris nausithous,EVL_any,NA
10198213,Phengaris nausithous,EVL_any,NA
10198212,Phengaris nausithous,EVL_any,NA
10198211,Phengaris nausithous,EVL_any,NA
10086474,Phengaris nausithous,EVL_any,NA
9628767,Phengaris nausithous,EVL_any,NA
9628838,Phengaris nausithous,EVL_any,NA
9547504,Phengaris nausithous,EVL_any,NA
9547505,Phengaris nausithous,EVL_any,NA
9508276,Phengaris nausithous,EVL_any,NA
9508275,Phengaris nausithous,EVL_any,NA
9388946,Phengaris nausithous,EVL_any,NA
9388946,Phengaris nausithous,EVL_any,NA
9384472,Phengaris nausithous,EVL_any,NA
8796022,Phengaris nausithous,EVL_any,NA
8728914,Phengaris nausithous,EVL_any,NA
8626989,Phengaris nausithous,EVL_any,NA
8574529,Phengaris nausithous,EVL_any,NA
8574452,Phengaris nausithous,EVL_any,NA
8574349,Phengaris nausithous,EVL_any,NA
8574201,Phengaris nausithous,EVL_any,NA
8574200,Phengaris nausithous,EVL_any,NA
8574199,Phengaris nausithous,EVL_any,NA
8574198,Phengaris nausithous,EVL_any,NA
8574063,Phengaris nausithous,EVL_any,NA
8574006,Phengaris nausithous,EVL_any,NA
8574005,Phengaris nausithous,EVL_any,NA
8573996,Phengaris nausithous,EVL_any,NA
8318993,Phengaris nausithous,EVL_any,NA
8318992,Phengaris nausithous,EVL_any,NA
8318991,Phengaris nausithous,EVL_any,NA
8318990,Phengaris nausithous,EVL_any,NA
8318989,Phengaris nausithous,EVL_any,NA
8318988,Phengaris nausithous,EVL_any,NA
8318987,Phengaris nausithous,EVL_any,NA
8318986,Phengaris nausithous,EVL_any,NA
8318978,Phengaris nausithous,EVL_any,NA
8318977,Phengaris nausithous,EVL_any,NA
8318976,Phengaris nausithous,EVL_any,NA
8318975,Phengaris nausithous,EVL_any,NA
8318974,Phengaris nausithous,EVL_any,NA
8318973,Phengaris nausithous,EVL_any,NA
8318972,Phengaris nausithous,EVL_any,NA
8318971,Phengaris nausithous,EVL_any,NA
8318965,Phengaris nausithous,EVL_any,NA
8318964,Phengaris nausithous,EVL_any,NA
8318963,Phengaris nausithous,EVL_any,NA
8318962,Phengaris nausithous,EVL_any,NA
8318961,Phengaris nausithous,EVL_any,NA
8112439,Phengaris nausithous,EVL_any,NA
8112439,Phengaris nausithous,EVL_any,NA
8094816,Phengaris nausithous,EVL_any,NA
8094816,Phengaris nausithous,EVL_any,NA
8086863,Phengaris nausithous,EVL_any,NA
8086862,Phengaris nausithous,EVL_any,NA
7587697,Phengaris nausithous,EVL_any,NA
7587599,Phengaris nausithous,EVL_any,NA
7587598,Phengaris nausithous,EVL_any,NA
7587597,Phengaris nausithous,EVL_any,NA
7548504,Phengaris nausithous,EVL_any,NA
7548503,Phengaris nausithous,EVL_any,NA
7312205,Phengaris nausithous,EVL_any,NA
7312205,Phengaris nausithous,EVL_any,NA
7187375,Phengaris nausithous,EVL_any,NA
7187080,Phengaris nausithous,EVL_any,NA
7164054,Phengaris nausithous,EVL_any,NA
7037507,Phengaris nausithous,EVL_any,NA
8318993,Phengaris teleius,EVL_any,NA
8318992,Phengaris teleius,EVL_any,NA
8318991,Phengaris teleius,EVL_any,NA
8318989,Phengaris teleius,EVL_any,NA
8318975,Phengaris teleius,EVL_any,NA
8318962,Phengaris teleius,EVL_any,NA
10242700,Phengaris nausithous,EVL_any,NA
10242698,Phengaris nausithous,EVL_any,NA
9590145,Phengaris nausithous,EVL_any,NA
9590140,Phengaris nausithous,EVL_any,NA
8362988,Phengaris nausithous,EVL_any,NA
8362988,Phengaris teleius,EVL_any,NA
10204737,Phengaris nausithous,EVL_any,NA
10204738,Phengaris nausithous,EVL_any,NA
9537368,Phengaris nausithous,EVL_any,NA
9537368,Phengaris nausithous,EVL_any,NA
9537366,Phengaris nausithous,EVL_any,NA
9537366,Phengaris nausithous,EVL_any,NA
9537368,Phengaris nausithous,EVL_any,NA
9537368,Phengaris nausithous,EVL_any,NA
9537366,Phengaris nausithous,EVL_any,NA
9537366,Phengaris nausithous,EVL_any,NA
9537282,Phengaris nausithous,EVL_any,NA
9537282,Phengaris nausithous,EVL_any,NA
9537282,Phengaris nausithous,EVL_any,NA
9537282,Phengaris nausithous,EVL_any,NA
9537282,Phengaris nausithous,EVL_any,NA
9537277,Phengaris nausithous,EVL_any,NA
9537277,Phengaris nausithous,EVL_any,NA
9537277,Phengaris nausithous,EVL_any,NA
9537277,Phengaris nausithous,EVL_any,NA
9356836,Phengaris nausithous,EVL_any,NA
8626316,Phengaris nausithous,EVL_any,NA
8626311,Phengaris nausithous,EVL_any,NA
7609976,Phengaris nausithous,EVL_any,NA
7609967,Phengaris nausithous,EVL_any,NA
7406459,Phengaris nausithous,EVL_any,NA
7049655,Phengaris nausithous,EVL_any,NA
9537368,Phengaris teleius,EVL_any,NA
9537368,Phengaris teleius,EVL_any,NA
9537366,Phengaris teleius,EVL_any,NA
9537366,Phengaris teleius,EVL_any,NA
9537282,Phengaris teleius,EVL_any,NA
9537282,Phengaris teleius,EVL_any,NA
9537282,Phengaris teleius,EVL_any,NA
9537282,Phengaris teleius,EVL_any,NA
9537282,Phengaris teleius,EVL_any,NA
9537277,Phengaris teleius,EVL_any,NA
9537277,Phengaris teleius,EVL_any,NA
9537277,Phengaris teleius,EVL_any,NA
8626278,Phengaris teleius,EVL_any,NA
8626277,Phengaris teleius,EVL_any,NA
7609975,Phengaris teleius,EVL_any,NA
7406459,Phengaris teleius,EVL_any,NA
7966905,Phengaris nausithous,EVL_any,NA
8116841,Phengaris nausithous,EVL_any,NA
10654778,Phengaris nausithous,EVL_any,NA
7616108,Phengaris nausithous,EVL_any,NA
7616086,Phengaris nausithous,EVL_any,NA
7616060,Phengaris nausithous,EVL_any,NA
7547019,Phengaris nausithous,EVL_any,NA
7547018,Phengaris nausithous,EVL_any,NA
7616108,Phengaris teleius,EVL_any,NA
7616086,Phengaris teleius,EVL_any,NA
10505904,Phengaris nausithous,EVL_any,NA
8624677,Phengaris nausithous,EVL_any,NA
8624653,Phengaris nausithous,EVL_any,NA
8624600,Phengaris nausithous,EVL_any,NA
8624732,Phengaris nausithous,EVL_any,NA
8624734,Phengaris nausithous,EVL_any,NA
8624733,Phengaris nausithous,EVL_any,NA
8624688,Phengaris nausithous,EVL_any,NA
8624686,Phengaris nausithous,EVL_any,NA
8624645,Phengaris nausithous,EVL_any,NA
8624644,Phengaris nausithous,EVL_any,NA
8624584,Phengaris nausithous,EVL_any,NA
8624663,Phengaris nausithous,EVL_any,NA
8624680,Phengaris nausithous,EVL_any,NA
8624586,Phengaris nausithous,EVL_any,NA
8624606,Phengaris nausithous,EVL_any,NA
8624605,Phengaris nausithous,EVL_any,NA
8093733,Phengaris nausithous,EVL_any,NA
8093344,Phengaris nausithous,EVL_any,NA
8093343,Phengaris nausithous,EVL_any,NA
8093342,Phengaris nausithous,EVL_any,NA
8093341,Phengaris nausithous,EVL_any,NA
8093334,Phengaris nausithous,EVL_any,NA
8093331,Phengaris nausithous,EVL_any,NA
8093328,Phengaris nausithous,EVL_any,NA
8093325,Phengaris nausithous,EVL_any,NA
8093318,Phengaris nausithous,EVL_any,NA
8093315,Phengaris nausithous,EVL_any,NA
8093310,Phengaris nausithous,EVL_any,NA
8093294,Phengaris nausithous,EVL_any,NA
8093289,Phengaris nausithous,EVL_any,NA
8093271,Phengaris nausithous,EVL_any,NA
8093266,Phengaris nausithous,EVL_any,NA
8093261,Phengaris nausithous,EVL_any,NA
8093258,Phengaris nausithous,EVL_any,NA
8093250,Phengaris nausithous,EVL_any,NA
8093245,Phengaris nausithous,EVL_any,NA
8093240,Phengaris nausithous,EVL_any,NA
8093223,Phengaris nausithous,EVL_any,NA
8093213,Phengaris nausithous,EVL_any,NA
8093183,Phengaris nausithous,EVL_any,NA
8093178,Phengaris nausithous,EVL_any,NA
8093177,Phengaris nausithous,EVL_any,NA
8093176,Phengaris nausithous,EVL_any,NA
8093175,Phengaris nausithous,EVL_any,NA
8093155,Phengaris nausithous,EVL_any,NA
8093149,Phengaris nausithous,EVL_any,NA
8093147,Phengaris nausithous,EVL_any,NA
8093146,Phengaris nausithous,EVL_any,NA
8093135,Phengaris nausithous,EVL_any,NA
8093133,Phengaris nausithous,EVL_any,NA
8093132,Phengaris nausithous,EVL_any,NA
8093129,Phengaris nausithous,EVL_any,NA
7961020,Phengaris nausithous,EVL_any,NA
7961019,Phengaris nausithous,EVL_any,NA
7961018,Phengaris nausithous,EVL_any,NA
7961017,Phengaris nausithous,EVL_any,NA
7961016,Phengaris nausithous,EVL_any,NA
7961015,Phengaris nausithous,EVL_any,NA
7960915,Phengaris nausithous,EVL_any,NA
7960914,Phengaris nausithous,EVL_any,NA
7548462,Phengaris nausithous,EVL_any,NA
8624734,Phengaris teleius,EVL_any,NA
8624627,Phengaris teleius,EVL_any,NA
8624693,Phengaris teleius,EVL_any,NA
8093732,Phengaris teleius,EVL_any,NA
8093731,Phengaris teleius,EVL_any,NA
8093280,Phengaris teleius,EVL_any,NA
8093253,Phengaris teleius,EVL_any,NA
8093220,Phengaris teleius,EVL_any,NA
8093186,Phengaris teleius,EVL_any,NA
8093158,Phengaris teleius,EVL_any,NA
8093152,Phengaris teleius,EVL_any,NA
8093151,Phengaris teleius,EVL_any,NA
8093134,Phengaris teleius,EVL_any,NA
7960913,Phengaris teleius,EVL_any,NA
10238648,Phengaris nausithous,EVL_any,NA
10238629,Phengaris nausithous,EVL_any,NA
10238617,Phengaris nausithous,EVL_any,NA
10238611,Phengaris nausithous,EVL_any,NA
10238613,Phengaris nausithous,EVL_any,NA
10238615,Phengaris nausithous,EVL_any,NA
8089981,Phengaris nausithous,EVL_any,NA
8089980,Phengaris nausithous,EVL_any,NA
8089980,Phengaris teleius,EVL_any,NA
8574741,Phengaris nausithous,EVL_any,NA
8573993,Phengaris nausithous,EVL_any,NA
8199778,Phengaris nausithous,EVL_any,NA
8199792,Phengaris nausithous,EVL_any,NA
7547779,Phengaris nausithous,EVL_any,NA
9357592,Phengaris nausithous,EVL_any,NA
7176136,Phengaris nausithous,EVL_any,NA
8271483,Phengaris nausithous,EVL_any,NA
7958017,Phengaris nausithous,EVL_any,NA
7070814,Phengaris nausithous,EVL_any,NA
7070812,Phengaris nausithous,EVL_any,NA
7070810,Phengaris nausithous,EVL_any,NA
10101508,Phengaris teleius,EVL_any,NA
8271483,Phengaris teleius,EVL_any,NA
8271483,Phengaris teleius,EVL_any,NA
7958017,Phengaris teleius,EVL_any,NA
7583538,Phengaris teleius,EVL_any,NA
7528629,Phengaris teleius,EVL_any,NA
7070814,Phengaris teleius,EVL_any,NA
7070812,Phengaris teleius,EVL_any,NA
7070810,Phengaris teleius,EVL_any,NA
7070808,Phengaris teleius,EVL_any,NA
7070807,Phengaris teleius,EVL_any,NA
7070788,Phengaris teleius,EVL_any,NA
7070784,Phengaris teleius,EVL_any,NA
8795152,Phengaris nausithous,EVL_any,NA
12671691,Phengaris nausithous,EVL_any,NA
10086485,Phengaris nausithous,EVL_any,NA
9679789,Phengaris nausithous,EVL_any,NA
8764129,Phengaris nausithous,EVL_any,NA
8647295,Phengaris nausithous,EVL_any,NA
8956734,Phengaris nausithous,EVL_any,NA
8956769,Phengaris nausithous,EVL_any,NA
8574555,Phengaris nausithous,EVL_any,NA
8764112,Phengaris nausithous,EVL_any,NA
8764111,Phengaris nausithous,EVL_any,NA
7675256,Phengaris nausithous,EVL_any,NA
7675251,Phengaris nausithous,EVL_any,NA
7675248,Phengaris nausithous,EVL_any,NA
12671016,Phengaris nausithous,EVL_any,NA
10651599,Phengaris nausithous,EVL_any,NA
7587843,Phengaris nausithous,EVL_any,NA
9628946,Phengaris nausithous,EVL_any,NA
7774886,Phengaris nausithous,EVL_any,NA
7774886,Phengaris teleius,EVL_any,NA
8770189,Phengaris nausithous,EVL_any,NA
8770208,Phengaris nausithous,EVL_any,NA
8770188,Phengaris nausithous,EVL_any,NA
8770195,Phengaris nausithous,EVL_any,NA
8770200,Phengaris nausithous,EVL_any,NA
8770207,Phengaris nausithous,EVL_any,NA
8770198,Phengaris nausithous,EVL_any,NA
10651480,Phengaris teleius,EVL_any,NA
9338435,Phengaris teleius,EVL_any,NA
8770205,Phengaris teleius,EVL_any,NA
8770190,Phengaris teleius,EVL_any,NA
8770196,Phengaris teleius,EVL_any,NA
8770209,Phengaris teleius,EVL_any,NA
8770197,Phengaris teleius,EVL_any,NA
8770191,Phengaris teleius,EVL_any,NA
8770199,Phengaris teleius,EVL_any,NA
7774825,Phengaris nausithous,EVL_any,NA
7774825,Phengaris teleius,EVL_any,NA
12671178,Phengaris nausithous,EVL_any,NA
12672072,Phengaris teleius,EVL_any,NA
8642944,Phengaris nausithous,EVL_any,NA
8615155,Phengaris nausithous,EVL_any,NA
8615154,Phengaris nausithous,EVL_any,NA
7960966,Phengaris nausithous,EVL_any,NA
7567218,Phengaris nausithous,EVL_any,NA
7537582,Phengaris nausithous,EVL_any,NA
7537581,Phengaris nausithous,EVL_any,NA
7537580,Phengaris nausithous,EVL_any,NA
10104065,Phengaris nausithous,EVL_any,NA
10083524,Phengaris nausithous,EVL_any,NA
10083741,Phengaris nausithous,EVL_any,NA
10083521,Phengaris nausithous,EVL_any,NA
10083498,Phengaris nausithous,EVL_any,NA
10083511,Phengaris nausithous,EVL_any,NA
10083510,Phengaris nausithous,EVL_any,NA
10083509,Phengaris nausithous,EVL_any,NA
10083746,Phengaris nausithous,EVL_any,NA
10083523,Phengaris nausithous,EVL_any,NA
10083522,Phengaris nausithous,EVL_any,NA
10083739,Phengaris nausithous,EVL_any,NA
10083738,Phengaris nausithous,EVL_any,NA
10076584,Phengaris nausithous,EVL_any,NA
10076398,Phengaris nausithous,EVL_any,NA
10076397,Phengaris nausithous,EVL_any,NA
10076396,Phengaris nausithous,EVL_any,NA
10057586,Phengaris nausithous,EVL_any,NA
9628867,Phengaris nausithous,EVL_any,NA
9628913,Phengaris nausithous,EVL_any,NA
9628711,Phengaris nausithous,EVL_any,NA
9628912,Phengaris nausithous,EVL_any,NA
9628906,Phengaris nausithous,EVL_any,NA
9628921,Phengaris nausithous,EVL_any,NA
9628940,Phengaris nausithous,EVL_any,NA
9398596,Phengaris nausithous,EVL_any,NA
9398589,Phengaris nausithous,EVL_any,NA
9398586,Phengaris nausithous,EVL_any,NA
9391351,Phengaris nausithous,EVL_any,NA
9391349,Phengaris nausithous,EVL_any,NA
9391348,Phengaris nausithous,EVL_any,NA
9391324,Phengaris nausithous,EVL_any,NA
9391318,Phengaris nausithous,EVL_any,NA
9390276,Phengaris nausithous,EVL_any,NA
9390274,Phengaris nausithous,EVL_any,NA
9390278,Phengaris nausithous,EVL_any,NA
9390273,Phengaris nausithous,EVL_any,NA
9390270,Phengaris nausithous,EVL_any,NA
9387767,Phengaris nausithous,EVL_any,NA
9387766,Phengaris nausithous,EVL_any,NA
9386632,Phengaris nausithous,EVL_any,NA
9386621,Phengaris nausithous,EVL_any,NA
9386636,Phengaris nausithous,EVL_any,NA
9386635,Phengaris nausithous,EVL_any,NA
9386634,Phengaris nausithous,EVL_any,NA
9386618,Phengaris nausithous,EVL_any,NA
9386617,Phengaris nausithous,EVL_any,NA
9368482,Phengaris nausithous,EVL_any,NA
9368481,Phengaris nausithous,EVL_any,NA
9367208,Phengaris nausithous,EVL_any,NA
9363290,Phengaris nausithous,EVL_any,NA
9363288,Phengaris nausithous,EVL_any,NA
9363287,Phengaris nausithous,EVL_any,NA
9363285,Phengaris nausithous,EVL_any,NA
9363274,Phengaris nausithous,EVL_any,NA
9363264,Phengaris nausithous,EVL_any,NA
9363263,Phengaris nausithous,EVL_any,NA
9363257,Phengaris nausithous,EVL_any,NA
9363248,Phengaris nausithous,EVL_any,NA
9362715,Phengaris nausithous,EVL_any,NA
9360041,Phengaris nausithous,EVL_any,NA
9360039,Phengaris nausithous,EVL_any,NA
9357742,Phengaris nausithous,EVL_any,NA
9357733,Phengaris nausithous,EVL_any,NA
9357737,Phengaris nausithous,EVL_any,NA
9357736,Phengaris nausithous,EVL_any,NA
9357734,Phengaris nausithous,EVL_any,NA
9356570,Phengaris nausithous,EVL_any,NA
9352160,Phengaris nausithous,EVL_any,NA
9352151,Phengaris nausithous,EVL_any,NA
9347829,Phengaris nausithous,EVL_any,NA
9347828,Phengaris nausithous,EVL_any,NA
8952554,Phengaris nausithous,EVL_any,NA
8642924,Phengaris nausithous,EVL_any,NA
8642933,Phengaris nausithous,EVL_any,NA
8642917,Phengaris nausithous,EVL_any,NA
8642908,Phengaris nausithous,EVL_any,NA
8642920,Phengaris nausithous,EVL_any,NA
8642940,Phengaris nausithous,EVL_any,NA
8640848,Phengaris nausithous,EVL_any,NA
8640846,Phengaris nausithous,EVL_any,NA
8640826,Phengaris nausithous,EVL_any,NA
8640861,Phengaris nausithous,EVL_any,NA
8637998,Phengaris nausithous,EVL_any,NA
8637996,Phengaris nausithous,EVL_any,NA
8637995,Phengaris nausithous,EVL_any,NA
8638019,Phengaris nausithous,EVL_any,NA
8638018,Phengaris nausithous,EVL_any,NA
8638017,Phengaris nausithous,EVL_any,NA
8617534,Phengaris nausithous,EVL_any,NA
8617533,Phengaris nausithous,EVL_any,NA
8617532,Phengaris nausithous,EVL_any,NA
8617430,Phengaris nausithous,EVL_any,NA
8617372,Phengaris nausithous,EVL_any,NA
8615107,Phengaris nausithous,EVL_any,NA
8615152,Phengaris nausithous,EVL_any,NA
8614268,Phengaris nausithous,EVL_any,NA
8614347,Phengaris nausithous,EVL_any,NA
8614338,Phengaris nausithous,EVL_any,NA
8614334,Phengaris nausithous,EVL_any,NA
8610661,Phengaris nausithous,EVL_any,NA
8610819,Phengaris nausithous,EVL_any,NA
8610787,Phengaris nausithous,EVL_any,NA
8610785,Phengaris nausithous,EVL_any,NA
8610699,Phengaris nausithous,EVL_any,NA
8610698,Phengaris nausithous,EVL_any,NA
8610697,Phengaris nausithous,EVL_any,NA
8602114,Phengaris nausithous,EVL_any,NA
8586836,Phengaris nausithous,EVL_any,NA
8584623,Phengaris nausithous,EVL_any,NA
8574531,Phengaris nausithous,EVL_any,NA
8190701,Phengaris nausithous,EVL_any,NA
8106107,Phengaris nausithous,EVL_any,NA
8106104,Phengaris nausithous,EVL_any,NA
8106091,Phengaris nausithous,EVL_any,NA
8100109,Phengaris nausithous,EVL_any,NA
8100108,Phengaris nausithous,EVL_any,NA
8100107,Phengaris nausithous,EVL_any,NA
8100250,Phengaris nausithous,EVL_any,NA
8100249,Phengaris nausithous,EVL_any,NA
8100246,Phengaris nausithous,EVL_any,NA
8100241,Phengaris nausithous,EVL_any,NA
8096332,Phengaris nausithous,EVL_any,NA
8096331,Phengaris nausithous,EVL_any,NA
8096329,Phengaris nausithous,EVL_any,NA
8096328,Phengaris nausithous,EVL_any,NA
8096327,Phengaris nausithous,EVL_any,NA
8096325,Phengaris nausithous,EVL_any,NA
8096322,Phengaris nausithous,EVL_any,NA
8096321,Phengaris nausithous,EVL_any,NA
8096320,Phengaris nausithous,EVL_any,NA
8096319,Phengaris nausithous,EVL_any,NA
8096318,Phengaris nausithous,EVL_any,NA
8090004,Phengaris nausithous,EVL_any,NA
8090003,Phengaris nausithous,EVL_any,NA
8087890,Phengaris nausithous,EVL_any,NA
8086874,Phengaris nausithous,EVL_any,NA
8086873,Phengaris nausithous,EVL_any,NA
8086871,Phengaris nausithous,EVL_any,NA
7962033,Phengaris nausithous,EVL_any,NA
7962030,Phengaris nausithous,EVL_any,NA
7962029,Phengaris nausithous,EVL_any,NA
7961009,Phengaris nausithous,EVL_any,NA
7961000,Phengaris nausithous,EVL_any,NA
7960750,Phengaris nausithous,EVL_any,NA
7960749,Phengaris nausithous,EVL_any,NA
7960743,Phengaris nausithous,EVL_any,NA
7960742,Phengaris nausithous,EVL_any,NA
7961094,Phengaris nausithous,EVL_any,NA
7774885,Phengaris nausithous,EVL_any,NA
7774884,Phengaris nausithous,EVL_any,NA
7635615,Phengaris nausithous,EVL_any,NA
7543323,Phengaris nausithous,EVL_any,NA
7543314,Phengaris nausithous,EVL_any,NA
7543552,Phengaris nausithous,EVL_any,NA
7543550,Phengaris nausithous,EVL_any,NA
7543549,Phengaris nausithous,EVL_any,NA
7543547,Phengaris nausithous,EVL_any,NA
7543539,Phengaris nausithous,EVL_any,NA
7543537,Phengaris nausithous,EVL_any,NA
7543535,Phengaris nausithous,EVL_any,NA
7543534,Phengaris nausithous,EVL_any,NA
7543533,Phengaris nausithous,EVL_any,NA
7543532,Phengaris nausithous,EVL_any,NA
7543408,Phengaris nausithous,EVL_any,NA
7543407,Phengaris nausithous,EVL_any,NA
7543505,Phengaris nausithous,EVL_any,NA
7542584,Phengaris nausithous,EVL_any,NA
7538270,Phengaris nausithous,EVL_any,NA
7538269,Phengaris nausithous,EVL_any,NA
7538216,Phengaris nausithous,EVL_any,NA
7537604,Phengaris nausithous,EVL_any,NA
7537599,Phengaris nausithous,EVL_any,NA
7537596,Phengaris nausithous,EVL_any,NA
7537574,Phengaris nausithous,EVL_any,NA
7535755,Phengaris nausithous,EVL_any,NA
7535754,Phengaris nausithous,EVL_any,NA
7535753,Phengaris nausithous,EVL_any,NA
7535752,Phengaris nausithous,EVL_any,NA
7535751,Phengaris nausithous,EVL_any,NA
7535750,Phengaris nausithous,EVL_any,NA
7535749,Phengaris nausithous,EVL_any,NA
7535569,Phengaris nausithous,EVL_any,NA
7535568,Phengaris nausithous,EVL_any,NA
7187347,Phengaris nausithous,EVL_any,NA
7187346,Phengaris nausithous,EVL_any,NA
7187345,Phengaris nausithous,EVL_any,NA
7774885,Phengaris teleius,EVL_any,NA
7774884,Phengaris teleius,EVL_any,NA
10142219,Phengaris teleius,EVL_any,NA
12671462,Phengaris nausithous,EVL_any,NA
12672064,Phengaris nausithous,EVL_any,NA
12671680,Phengaris teleius,EVL_any,NA
12671635,Phengaris teleius,EVL_any,NA
12670952,Phengaris nausithous,EVL_any,NA
9634067,Phengaris nausithous,EVL_any,NA
9634067,Phengaris nausithous,EVL_any,NA
9634065,Phengaris nausithous,EVL_any,NA
8725623,Phengaris nausithous,EVL_any,NA
8725618,Phengaris nausithous,EVL_any,NA
8725621,Phengaris nausithous,EVL_any,NA
8725627,Phengaris nausithous,EVL_any,NA
12671909,Phengaris teleius,EVL_any,NA
9634067,Phengaris teleius,EVL_any,NA
9634067,Phengaris teleius,EVL_any,NA
9634064,Phengaris teleius,EVL_any,NA
9634061,Phengaris teleius,EVL_any,NA
8725619,Phengaris teleius,EVL_any,NA
8725622,Phengaris teleius,EVL_any,NA
8725624,Phengaris teleius,EVL_any,NA
8725629,Phengaris teleius,EVL_any,NA
7775037,Phengaris nausithous,EVL_any,NA
7775037,Phengaris teleius,EVL_any,NA
12671015,Phengaris nausithous,EVL_any,NA
12671616,Phengaris teleius,EVL_any,NA
8574497,Phengaris nausithous,EVL_any,NA
8121640,Phengaris nausithous,EVL_any,NA
8121639,Phengaris nausithous,EVL_any,NA
8574512,Phengaris nausithous,EVL_any,NA
8796014,Phengaris nausithous,EVL_any,NA
8606990,Phengaris nausithous,EVL_any,NA
8574615,Phengaris nausithous,EVL_any,NA
8574614,Phengaris nausithous,EVL_any,NA
10780819,Phengaris nausithous,EVL_any,NA
10254090,Phengaris nausithous,EVL_any,NA
10094137,Phengaris nausithous,EVL_any,NA
10094136,Phengaris nausithous,EVL_any,NA
10094135,Phengaris nausithous,EVL_any,NA
10094133,Phengaris nausithous,EVL_any,NA
10094130,Phengaris nausithous,EVL_any,NA
10083254,Phengaris nausithous,EVL_any,NA
10083252,Phengaris nausithous,EVL_any,NA
10083264,Phengaris nausithous,EVL_any,NA
9628710,Phengaris nausithous,EVL_any,NA
7627936,Phengaris nausithous,EVL_any,NA
7627893,Phengaris nausithous,EVL_any,NA
7627932,Phengaris nausithous,EVL_any,NA
9536256,Phengaris nausithous,EVL_any,NA
9536254,Phengaris nausithous,EVL_any,NA
9535886,Phengaris nausithous,EVL_any,NA
9383232,Phengaris nausithous,EVL_any,NA
9380467,Phengaris nausithous,EVL_any,NA
9380438,Phengaris nausithous,EVL_any,NA
9380382,Phengaris nausithous,EVL_any,NA
9380380,Phengaris nausithous,EVL_any,NA
9357654,Phengaris nausithous,EVL_any,NA
7627893,Phengaris nausithous,EVL_any,NA
7627932,Phengaris nausithous,EVL_any,NA
7627936,Phengaris nausithous,EVL_any,NA
7627936,Phengaris nausithous,EVL_any,NA
7627932,Phengaris nausithous,EVL_any,NA
7627893,Phengaris nausithous,EVL_any,NA
7536842,Phengaris nausithous,EVL_any,NA
7528457,Phengaris nausithous,EVL_any,NA
7187757,Phengaris nausithous,EVL_any,NA
7187723,Phengaris nausithous,EVL_any,NA
7187717,Phengaris nausithous,EVL_any,NA
7187296,Phengaris nausithous,EVL_any,NA
7187145,Phengaris nausithous,EVL_any,NA
7187145,Phengaris nausithous,EVL_any,NA
7187144,Phengaris nausithous,EVL_any,NA
7187143,Phengaris nausithous,EVL_any,NA
7187143,Phengaris nausithous,EVL_any,NA
7187007,Phengaris nausithous,EVL_any,NA
7162519,Phengaris nausithous,EVL_any,NA
7083667,Phengaris nausithous,EVL_any,NA
7081806,Phengaris nausithous,EVL_any,NA
7034885,Phengaris nausithous,EVL_any,NA
12670947,Phengaris nausithous,EVL_any,NA
12671082,Phengaris nausithous,EVL_any,NA
12671736,Phengaris nausithous,EVL_any,NA
9628787,Phengaris nausithous,EVL_any,NA
9628783,Phengaris nausithous,EVL_any,NA
9628791,Phengaris nausithous,EVL_any,NA
8654080,Phengaris nausithous,EVL_any,NA
8654078,Phengaris nausithous,EVL_any,NA
8654077,Phengaris nausithous,EVL_any,NA
8654075,Phengaris nausithous,EVL_any,NA
8103568,Phengaris nausithous,EVL_any,NA
7597569,Phengaris nausithous,EVL_any,NA
7528658,Phengaris nausithous,EVL_any,NA
7528657,Phengaris nausithous,EVL_any,NA
7528657,Phengaris nausithous,EVL_any,NA
7528656,Phengaris nausithous,EVL_any,NA
7528652,Phengaris nausithous,EVL_any,NA
7034848,Phengaris nausithous,EVL_any,NA
7034876,Phengaris nausithous,EVL_any,NA
7034875,Phengaris nausithous,EVL_any,NA
7034874,Phengaris nausithous,EVL_any,NA
7034873,Phengaris nausithous,EVL_any,NA
7034266,Phengaris nausithous,EVL_any,NA
7034276,Phengaris nausithous,EVL_any,NA
7034270,Phengaris nausithous,EVL_any,NA
7034271,Phengaris nausithous,EVL_any,NA
7034270,Phengaris nausithous,EVL_any,NA
7034269,Phengaris nausithous,EVL_any,NA
7034267,Phengaris nausithous,EVL_any,NA
7034266,Phengaris nausithous,EVL_any,NA
7026229,Phengaris nausithous,EVL_any,NA
8964897,Phengaris nausithous,EVL_any,NA
8802286,Phengaris nausithous,EVL_any,NA
8090730,Phengaris nausithous,EVL_any,NA
7659567,Phengaris nausithous,EVL_any,NA
7604988,Phengaris nausithous,EVL_any,NA
7585878,Phengaris nausithous,EVL_any,NA
10505907,Phengaris nausithous,EVL_any,NA
10505906,Phengaris nausithous,EVL_any,NA
8581231,Phengaris nausithous,EVL_any,NA
7538157,Phengaris nausithous,EVL_any,NA
7032876,Phengaris nausithous,EVL_any,NA
8574617,Phengaris nausithous,EVL_any,NA
8574616,Phengaris nausithous,EVL_any,NA
7652825,Phengaris nausithous,EVL_any,NA
7652825,Phengaris nausithous,EVL_any,NA
7652825,Phengaris nausithous,EVL_any,NA
7652825,Phengaris nausithous,EVL_any,NA
7652825,Phengaris nausithous,EVL_any,NA
7652831,Phengaris nausithous,EVL_any,NA
7652831,Phengaris nausithous,EVL_any,NA
7774773,Phengaris nausithous,EVL_any,NA
7774772,Phengaris nausithous,EVL_any,NA
7774675,Phengaris nausithous,EVL_any,NA
7652831,Phengaris nausithous,EVL_any,NA
7652825,Phengaris nausithous,EVL_any,NA
7036064,Phengaris nausithous,EVL_any,NA
7036062,Phengaris nausithous,EVL_any,NA
7774773,Phengaris teleius,EVL_any,NA
7774772,Phengaris teleius,EVL_any,NA
7774675,Phengaris teleius,EVL_any,NA
7652835,Phengaris nausithous,EVL_any,NA
8240965,Phengaris nausithous,EVL_any,NA
8240965,Phengaris nausithous,EVL_any,NA
7652835,Phengaris nausithous,EVL_any,NA
7652835,Phengaris nausithous,EVL_any,NA
7652835,Phengaris nausithous,EVL_any,NA
7652835,Phengaris nausithous,EVL_any,NA
7652835,Phengaris nausithous,EVL_any,NA
7652835,Phengaris nausithous,EVL_any,NA
7652835,Phengaris nausithous,EVL_any,NA
7652835,Phengaris nausithous,EVL_any,NA
7652835,Phengaris nausithous,EVL_any,NA
5295187,Phengaris nausithous,EVL_any,NA
7032584,Phengaris nausithous,EVL_any,NA
8956573,Phengaris nausithous,EVL_any,NA
12671356,Phengaris nausithous,EVL_any,NA
12604612,Phengaris nausithous,EVL_any,NA
7774722,Phengaris nausithous,EVL_any,NA
7774719,Phengaris nausithous,EVL_any,NA
7774718,Phengaris nausithous,EVL_any,NA
7774722,Phengaris teleius,EVL_any,NA
7774719,Phengaris teleius,EVL_any,NA
7774718,Phengaris teleius,EVL_any,NA
12671176,Phengaris nausithous,EVL_any,NA
12671594,Phengaris nausithous,EVL_any,NA
12670965,Phengaris nausithous,EVL_any,NA
12671351,Phengaris nausithous,EVL_any,NA
12671914,Phengaris nausithous,EVL_any,NA
12671174,Phengaris nausithous,EVL_any,NA
12671344,Phengaris nausithous,EVL_any,NA
12671238,Phengaris nausithous,EVL_any,NA
12671205,Phengaris nausithous,EVL_any,NA
12671561,Phengaris nausithous,EVL_any,NA
12671808,Phengaris nausithous,EVL_any,NA
12671327,Phengaris nausithous,EVL_any,NA
12671973,Phengaris nausithous,EVL_any,NA
12671709,Phengaris nausithous,EVL_any,NA
12671283,Phengaris nausithous,EVL_any,NA
12671948,Phengaris nausithous,EVL_any,NA
12671599,Phengaris nausithous,EVL_any,NA
12671527,Phengaris nausithous,EVL_any,NA
12671546,Phengaris nausithous,EVL_any,NA
12671449,Phengaris nausithous,EVL_any,NA
12671877,Phengaris nausithous,EVL_any,NA
12671765,Phengaris nausithous,EVL_any,NA
12557172,Phengaris nausithous,EVL_any,NA
11947062,Phengaris nausithous,EVL_any,NA
10817887,Phengaris nausithous,EVL_any,NA
10655853,Phengaris nausithous,EVL_any,NA
10655853,Phengaris nausithous,EVL_any,NA
10140717,Phengaris nausithous,EVL_any,NA
10140716,Phengaris nausithous,EVL_any,NA
10140715,Phengaris nausithous,EVL_any,NA
10140714,Phengaris nausithous,EVL_any,NA
10088954,Phengaris nausithous,EVL_any,NA
10087714,Phengaris nausithous,EVL_any,NA
10087713,Phengaris nausithous,EVL_any,NA
10087710,Phengaris nausithous,EVL_any,NA
10087709,Phengaris nausithous,EVL_any,NA
10087708,Phengaris nausithous,EVL_any,NA
10087707,Phengaris nausithous,EVL_any,NA
10087706,Phengaris nausithous,EVL_any,NA
10087701,Phengaris nausithous,EVL_any,NA
10087698,Phengaris nausithous,EVL_any,NA
10087696,Phengaris nausithous,EVL_any,NA
10087695,Phengaris nausithous,EVL_any,NA
10087694,Phengaris nausithous,EVL_any,NA
10087693,Phengaris nausithous,EVL_any,NA
10087688,Phengaris nausithous,EVL_any,NA
10087687,Phengaris nausithous,EVL_any,NA
10087686,Phengaris nausithous,EVL_any,NA
10084639,Phengaris nausithous,EVL_any,NA
9679802,Phengaris nausithous,EVL_any,NA
9628750,Phengaris nausithous,EVL_any,NA
9573555,Phengaris nausithous,EVL_any,NA
9573555,Phengaris nausithous,EVL_any,NA
8631724,Phengaris nausithous,EVL_any,NA
8631719,Phengaris nausithous,EVL_any,NA
8631713,Phengaris nausithous,EVL_any,NA
8631705,Phengaris nausithous,EVL_any,NA
8631703,Phengaris nausithous,EVL_any,NA
8631702,Phengaris nausithous,EVL_any,NA
8631699,Phengaris nausithous,EVL_any,NA
8631697,Phengaris nausithous,EVL_any,NA
8631695,Phengaris nausithous,EVL_any,NA
8631694,Phengaris nausithous,EVL_any,NA
8631693,Phengaris nausithous,EVL_any,NA
8631691,Phengaris nausithous,EVL_any,NA
8631690,Phengaris nausithous,EVL_any,NA
8631688,Phengaris nausithous,EVL_any,NA
8631686,Phengaris nausithous,EVL_any,NA
8631686,Phengaris nausithous,EVL_any,NA
8629366,Phengaris nausithous,EVL_any,NA
8623564,Phengaris nausithous,EVL_any,NA
8622497,Phengaris nausithous,EVL_any,NA
8622494,Phengaris nausithous,EVL_any,NA
8622493,Phengaris nausithous,EVL_any,NA
8622492,Phengaris nausithous,EVL_any,NA
8622491,Phengaris nausithous,EVL_any,NA
8622489,Phengaris nausithous,EVL_any,NA
8622484,Phengaris nausithous,EVL_any,NA
8610669,Phengaris nausithous,EVL_any,NA
8607655,Phengaris nausithous,EVL_any,NA
8542713,Phengaris nausithous,EVL_any,NA
8542709,Phengaris nausithous,EVL_any,NA
7775093,Phengaris nausithous,EVL_any,NA
7774707,Phengaris nausithous,EVL_any,NA
7774704,Phengaris nausithous,EVL_any,NA
7774703,Phengaris nausithous,EVL_any,NA
7035570,Phengaris nausithous,EVL_any,NA
7038646,Phengaris nausithous,EVL_any,NA
7038289,Phengaris nausithous,EVL_any,NA
7038280,Phengaris nausithous,EVL_any,NA
7038277,Phengaris nausithous,EVL_any,NA
6339865,Phengaris nausithous,EVL_any,NA
7038265,Phengaris nausithous,EVL_any,NA
7038263,Phengaris nausithous,EVL_any,NA
7038262,Phengaris nausithous,EVL_any,NA
7038260,Phengaris nausithous,EVL_any,NA
7038259,Phengaris nausithous,EVL_any,NA
7037476,Phengaris nausithous,EVL_any,NA
7037473,Phengaris nausithous,EVL_any,NA
7037472,Phengaris nausithous,EVL_any,NA
7037467,Phengaris nausithous,EVL_any,NA
7037463,Phengaris nausithous,EVL_any,NA
7037434,Phengaris nausithous,EVL_any,NA
7037432,Phengaris nausithous,EVL_any,NA
7037430,Phengaris nausithous,EVL_any,NA
7037429,Phengaris nausithous,EVL_any,NA
7037428,Phengaris nausithous,EVL_any,NA
7037426,Phengaris nausithous,EVL_any,NA
7037425,Phengaris nausithous,EVL_any,NA
7037363,Phengaris nausithous,EVL_any,NA
7037356,Phengaris nausithous,EVL_any,NA
7037355,Phengaris nausithous,EVL_any,NA
7037340,Phengaris nausithous,EVL_any,NA
7037338,Phengaris nausithous,EVL_any,NA
7037335,Phengaris nausithous,EVL_any,NA
7037332,Phengaris nausithous,EVL_any,NA
7037329,Phengaris nausithous,EVL_any,NA
7035580,Phengaris nausithous,EVL_any,NA
7035570,Phengaris nausithous,EVL_any,NA
6958036,Phengaris nausithous,EVL_any,NA
6957731,Phengaris nausithous,EVL_any,NA
10087685,Phengaris teleius,EVL_any,NA
7775093,Phengaris teleius,EVL_any,NA
7774707,Phengaris teleius,EVL_any,NA
7774704,Phengaris teleius,EVL_any,NA
7774703,Phengaris teleius,EVL_any,NA
12671044,Phengaris nausithous,EVL_any,NA
12671834,Phengaris teleius,EVL_any,NA
12671970,Phengaris nausithous,EVL_any,NA
12671239,Phengaris nausithous,EVL_any,NA
12671446,Phengaris nausithous,EVL_any,NA
12671089,Phengaris nausithous,EVL_any,NA
12671091,Phengaris nausithous,EVL_any,NA
12671242,Phengaris nausithous,EVL_any,NA
12671422,Phengaris nausithous,EVL_any,NA
12671140,Phengaris nausithous,EVL_any,NA
12671451,Phengaris nausithous,EVL_any,NA
12671450,Phengaris nausithous,EVL_any,NA
12671215,Phengaris nausithous,EVL_any,NA
12671570,Phengaris nausithous,EVL_any,NA
11184373,Phengaris nausithous,EVL_any,NA
10157207,Phengaris nausithous,EVL_any,NA
10133023,Phengaris nausithous,EVL_any,NA
10119983,Phengaris nausithous,EVL_any,NA
10119965,Phengaris nausithous,EVL_any,NA
10119961,Phengaris nausithous,EVL_any,NA
10092823,Phengaris nausithous,EVL_any,NA
10092830,Phengaris nausithous,EVL_any,NA
10092866,Phengaris nausithous,EVL_any,NA
10078600,Phengaris nausithous,EVL_any,NA
9679838,Phengaris nausithous,EVL_any,NA
9679838,Phengaris nausithous,EVL_any,NA
9638394,Phengaris nausithous,EVL_any,NA
9638389,Phengaris nausithous,EVL_any,NA
9638389,Phengaris nausithous,EVL_any,NA
9638387,Phengaris nausithous,EVL_any,NA
9628786,Phengaris nausithous,EVL_any,NA
9628882,Phengaris nausithous,EVL_any,NA
9594783,Phengaris nausithous,EVL_any,NA
9594777,Phengaris nausithous,EVL_any,NA
9594768,Phengaris nausithous,EVL_any,NA
9478154,Phengaris nausithous,EVL_any,NA
9400674,Phengaris nausithous,EVL_any,NA
9393779,Phengaris nausithous,EVL_any,NA
9391260,Phengaris nausithous,EVL_any,NA
9379163,Phengaris nausithous,EVL_any,NA
9379165,Phengaris nausithous,EVL_any,NA
9363127,Phengaris nausithous,EVL_any,NA
9363120,Phengaris nausithous,EVL_any,NA
9360440,Phengaris nausithous,EVL_any,NA
9353874,Phengaris nausithous,EVL_any,NA
9352999,Phengaris nausithous,EVL_any,NA
8956766,Phengaris nausithous,EVL_any,NA
8956581,Phengaris nausithous,EVL_any,NA
8953823,Phengaris nausithous,EVL_any,NA
8953810,Phengaris nausithous,EVL_any,NA
8953804,Phengaris nausithous,EVL_any,NA
8953768,Phengaris nausithous,EVL_any,NA
8953731,Phengaris nausithous,EVL_any,NA
8953711,Phengaris nausithous,EVL_any,NA
8953710,Phengaris nausithous,EVL_any,NA
8781201,Phengaris nausithous,EVL_any,NA
8776759,Phengaris nausithous,EVL_any,NA
8776736,Phengaris nausithous,EVL_any,NA
8776751,Phengaris nausithous,EVL_any,NA
8776750,Phengaris nausithous,EVL_any,NA
8776756,Phengaris nausithous,EVL_any,NA
8776734,Phengaris nausithous,EVL_any,NA
8776754,Phengaris nausithous,EVL_any,NA
8776753,Phengaris nausithous,EVL_any,NA
8776745,Phengaris nausithous,EVL_any,NA
8776740,Phengaris nausithous,EVL_any,NA
8643114,Phengaris nausithous,EVL_any,NA
8639016,Phengaris nausithous,EVL_any,NA
8637954,Phengaris nausithous,EVL_any,NA
8637979,Phengaris nausithous,EVL_any,NA
8637977,Phengaris nausithous,EVL_any,NA
8637149,Phengaris nausithous,EVL_any,NA
8621299,Phengaris nausithous,EVL_any,NA
8610765,Phengaris nausithous,EVL_any,NA
8574507,Phengaris nausithous,EVL_any,NA
8574504,Phengaris nausithous,EVL_any,NA
8574503,Phengaris nausithous,EVL_any,NA
8574500,Phengaris nausithous,EVL_any,NA
8574499,Phengaris nausithous,EVL_any,NA
8574488,Phengaris nausithous,EVL_any,NA
8574486,Phengaris nausithous,EVL_any,NA
8574463,Phengaris nausithous,EVL_any,NA
8574441,Phengaris nausithous,EVL_any,NA
8574440,Phengaris nausithous,EVL_any,NA
8574439,Phengaris nausithous,EVL_any,NA
8574438,Phengaris nausithous,EVL_any,NA
8574436,Phengaris nausithous,EVL_any,NA
8574435,Phengaris nausithous,EVL_any,NA
8574432,Phengaris nausithous,EVL_any,NA
8574431,Phengaris nausithous,EVL_any,NA
8574430,Phengaris nausithous,EVL_any,NA
8574429,Phengaris nausithous,EVL_any,NA
8574428,Phengaris nausithous,EVL_any,NA
8574427,Phengaris nausithous,EVL_any,NA
8574423,Phengaris nausithous,EVL_any,NA
8574422,Phengaris nausithous,EVL_any,NA
8574420,Phengaris nausithous,EVL_any,NA
8574419,Phengaris nausithous,EVL_any,NA
8574416,Phengaris nausithous,EVL_any,NA
8574415,Phengaris nausithous,EVL_any,NA
8574414,Phengaris nausithous,EVL_any,NA
8574412,Phengaris nausithous,EVL_any,NA
8574411,Phengaris nausithous,EVL_any,NA
8574090,Phengaris nausithous,EVL_any,NA
8574089,Phengaris nausithous,EVL_any,NA
8350886,Phengaris nausithous,EVL_any,NA
8350885,Phengaris nausithous,EVL_any,NA
8223548,Phengaris nausithous,EVL_any,NA
8186497,Phengaris nausithous,EVL_any,NA
8186531,Phengaris nausithous,EVL_any,NA
8183458,Phengaris nausithous,EVL_any,NA
8183456,Phengaris nausithous,EVL_any,NA
8183455,Phengaris nausithous,EVL_any,NA
8183454,Phengaris nausithous,EVL_any,NA
8183452,Phengaris nausithous,EVL_any,NA
8183448,Phengaris nausithous,EVL_any,NA
8121851,Phengaris nausithous,EVL_any,NA
8121851,Phengaris nausithous,EVL_any,NA
8121850,Phengaris nausithous,EVL_any,NA
8108420,Phengaris nausithous,EVL_any,NA
8108420,Phengaris nausithous,EVL_any,NA
8108419,Phengaris nausithous,EVL_any,NA
8108418,Phengaris nausithous,EVL_any,NA
8108417,Phengaris nausithous,EVL_any,NA
8108416,Phengaris nausithous,EVL_any,NA
8108415,Phengaris nausithous,EVL_any,NA
8108414,Phengaris nausithous,EVL_any,NA
8108413,Phengaris nausithous,EVL_any,NA
8108413,Phengaris nausithous,EVL_any,NA
8108412,Phengaris nausithous,EVL_any,NA
8108412,Phengaris nausithous,EVL_any,NA
8108411,Phengaris nausithous,EVL_any,NA
8108411,Phengaris nausithous,EVL_any,NA
8108410,Phengaris nausithous,EVL_any,NA
8108409,Phengaris nausithous,EVL_any,NA
8108408,Phengaris nausithous,EVL_any,NA
8108408,Phengaris nausithous,EVL_any,NA
8108407,Phengaris nausithous,EVL_any,NA
8108406,Phengaris nausithous,EVL_any,NA
8108405,Phengaris nausithous,EVL_any,NA
8108405,Phengaris nausithous,EVL_any,NA
8108404,Phengaris nausithous,EVL_any,NA
8108403,Phengaris nausithous,EVL_any,NA
8108402,Phengaris nausithous,EVL_any,NA
8108402,Phengaris nausithous,EVL_any,NA
8108401,Phengaris nausithous,EVL_any,NA
8108400,Phengaris nausithous,EVL_any,NA
8101127,Phengaris nausithous,EVL_any,NA
8100041,Phengaris nausithous,EVL_any,NA
8100040,Phengaris nausithous,EVL_any,NA
8100039,Phengaris nausithous,EVL_any,NA
8100039,Phengaris nausithous,EVL_any,NA
8100038,Phengaris nausithous,EVL_any,NA
8098280,Phengaris nausithous,EVL_any,NA
8096200,Phengaris nausithous,EVL_any,NA
8096191,Phengaris nausithous,EVL_any,NA
8094906,Phengaris nausithous,EVL_any,NA
7965828,Phengaris nausithous,EVL_any,NA
7965827,Phengaris nausithous,EVL_any,NA
7965825,Phengaris nausithous,EVL_any,NA
7965824,Phengaris nausithous,EVL_any,NA
7959477,Phengaris nausithous,EVL_any,NA
7774986,Phengaris nausithous,EVL_any,NA
7774818,Phengaris nausithous,EVL_any,NA
7774817,Phengaris nausithous,EVL_any,NA
7774816,Phengaris nausithous,EVL_any,NA
7774815,Phengaris nausithous,EVL_any,NA
7774814,Phengaris nausithous,EVL_any,NA
7774812,Phengaris nausithous,EVL_any,NA
7774809,Phengaris nausithous,EVL_any,NA
7774808,Phengaris nausithous,EVL_any,NA
7774800,Phengaris nausithous,EVL_any,NA
7774799,Phengaris nausithous,EVL_any,NA
7774798,Phengaris nausithous,EVL_any,NA
7774797,Phengaris nausithous,EVL_any,NA
7774796,Phengaris nausithous,EVL_any,NA
7774795,Phengaris nausithous,EVL_any,NA
7774794,Phengaris nausithous,EVL_any,NA
7774793,Phengaris nausithous,EVL_any,NA
7774791,Phengaris nausithous,EVL_any,NA
7774790,Phengaris nausithous,EVL_any,NA
7774789,Phengaris nausithous,EVL_any,NA
7675331,Phengaris nausithous,EVL_any,NA
7675463,Phengaris nausithous,EVL_any,NA
7675468,Phengaris nausithous,EVL_any,NA
7599086,Phengaris nausithous,EVL_any,NA
7599084,Phengaris nausithous,EVL_any,NA
7599080,Phengaris nausithous,EVL_any,NA
7587659,Phengaris nausithous,EVL_any,NA
7587658,Phengaris nausithous,EVL_any,NA
7587649,Phengaris nausithous,EVL_any,NA
7587648,Phengaris nausithous,EVL_any,NA
7587611,Phengaris nausithous,EVL_any,NA
7556335,Phengaris nausithous,EVL_any,NA
7549340,Phengaris nausithous,EVL_any,NA
7549339,Phengaris nausithous,EVL_any,NA
7549338,Phengaris nausithous,EVL_any,NA
7536470,Phengaris nausithous,EVL_any,NA
7187648,Phengaris nausithous,EVL_any,NA
7187647,Phengaris nausithous,EVL_any,NA
7187646,Phengaris nausithous,EVL_any,NA
7187645,Phengaris nausithous,EVL_any,NA
7187644,Phengaris nausithous,EVL_any,NA
7187643,Phengaris nausithous,EVL_any,NA
7187642,Phengaris nausithous,EVL_any,NA
7187641,Phengaris nausithous,EVL_any,NA
7187640,Phengaris nausithous,EVL_any,NA
7187639,Phengaris nausithous,EVL_any,NA
7187638,Phengaris nausithous,EVL_any,NA
7187637,Phengaris nausithous,EVL_any,NA
7187605,Phengaris nausithous,EVL_any,NA
7187600,Phengaris nausithous,EVL_any,NA
7187599,Phengaris nausithous,EVL_any,NA
7187598,Phengaris nausithous,EVL_any,NA
7187597,Phengaris nausithous,EVL_any,NA
7187596,Phengaris nausithous,EVL_any,NA
7187595,Phengaris nausithous,EVL_any,NA
7187594,Phengaris nausithous,EVL_any,NA
7187593,Phengaris nausithous,EVL_any,NA
7187592,Phengaris nausithous,EVL_any,NA
7187591,Phengaris nausithous,EVL_any,NA
7187590,Phengaris nausithous,EVL_any,NA
7187589,Phengaris nausithous,EVL_any,NA
7187588,Phengaris nausithous,EVL_any,NA
7187587,Phengaris nausithous,EVL_any,NA
7187586,Phengaris nausithous,EVL_any,NA
7187585,Phengaris nausithous,EVL_any,NA
7187584,Phengaris nausithous,EVL_any,NA
7187583,Phengaris nausithous,EVL_any,NA
7187582,Phengaris nausithous,EVL_any,NA
7187581,Phengaris nausithous,EVL_any,NA
7187580,Phengaris nausithous,EVL_any,NA
7187579,Phengaris nausithous,EVL_any,NA
7187578,Phengaris nausithous,EVL_any,NA
7187577,Phengaris nausithous,EVL_any,NA
7187576,Phengaris nausithous,EVL_any,NA
7187575,Phengaris nausithous,EVL_any,NA
7187574,Phengaris nausithous,EVL_any,NA
7187012,Phengaris nausithous,EVL_any,NA
7083081,Phengaris nausithous,EVL_any,NA
7081481,Phengaris nausithous,EVL_any,NA
7081480,Phengaris nausithous,EVL_any,NA
7078505,Phengaris nausithous,EVL_any,NA
7076515,Phengaris nausithous,EVL_any,NA
7045718,Phengaris nausithous,EVL_any,NA
7045718,Phengaris nausithous,EVL_any,NA
7045717,Phengaris nausithous,EVL_any,NA
7045743,Phengaris nausithous,EVL_any,NA
7045734,Phengaris nausithous,EVL_any,NA
7045734,Phengaris nausithous,EVL_any,NA
7043554,Phengaris nausithous,EVL_any,NA
7043553,Phengaris nausithous,EVL_any,NA
7043533,Phengaris nausithous,EVL_any,NA
7043526,Phengaris nausithous,EVL_any,NA
7041538,Phengaris nausithous,EVL_any,NA
7037130,Phengaris nausithous,EVL_any,NA
7037119,Phengaris nausithous,EVL_any,NA
7037146,Phengaris nausithous,EVL_any,NA
7033921,Phengaris nausithous,EVL_any,NA
7033920,Phengaris nausithous,EVL_any,NA
7032696,Phengaris nausithous,EVL_any,NA
7032695,Phengaris nausithous,EVL_any,NA
7025884,Phengaris nausithous,EVL_any,NA
10223429,Phengaris teleius,EVL_any,NA
10223430,Phengaris teleius,EVL_any,NA
10204782,Phengaris teleius,EVL_any,NA
10134864,Phengaris teleius,EVL_any,NA
10119983,Phengaris teleius,EVL_any,NA
10119971,Phengaris teleius,EVL_any,NA
10119965,Phengaris teleius,EVL_any,NA
10119961,Phengaris teleius,EVL_any,NA
10092866,Phengaris teleius,EVL_any,NA
10078600,Phengaris teleius,EVL_any,NA
9638394,Phengaris teleius,EVL_any,NA
9638389,Phengaris teleius,EVL_any,NA
9628766,Phengaris teleius,EVL_any,NA
9594783,Phengaris teleius,EVL_any,NA
9594777,Phengaris teleius,EVL_any,NA
9478155,Phengaris teleius,EVL_any,NA
9379162,Phengaris teleius,EVL_any,NA
9360440,Phengaris teleius,EVL_any,NA
9359048,Phengaris teleius,EVL_any,NA
9359046,Phengaris teleius,EVL_any,NA
9353874,Phengaris teleius,EVL_any,NA
9352999,Phengaris teleius,EVL_any,NA
8953820,Phengaris teleius,EVL_any,NA
8953819,Phengaris teleius,EVL_any,NA
8953816,Phengaris teleius,EVL_any,NA
8953813,Phengaris teleius,EVL_any,NA
8953809,Phengaris teleius,EVL_any,NA
8953801,Phengaris teleius,EVL_any,NA
8953754,Phengaris teleius,EVL_any,NA
8953742,Phengaris teleius,EVL_any,NA
8953741,Phengaris teleius,EVL_any,NA
8781201,Phengaris teleius,EVL_any,NA
8776755,Phengaris teleius,EVL_any,NA
8639016,Phengaris teleius,EVL_any,NA
8637954,Phengaris teleius,EVL_any,NA
8637979,Phengaris teleius,EVL_any,NA
8637978,Phengaris teleius,EVL_any,NA
8574506,Phengaris teleius,EVL_any,NA
8574505,Phengaris teleius,EVL_any,NA
8574502,Phengaris teleius,EVL_any,NA
8574501,Phengaris teleius,EVL_any,NA
8574489,Phengaris teleius,EVL_any,NA
8574487,Phengaris teleius,EVL_any,NA
8574462,Phengaris teleius,EVL_any,NA
8574461,Phengaris teleius,EVL_any,NA
8574437,Phengaris teleius,EVL_any,NA
8574433,Phengaris teleius,EVL_any,NA
8574421,Phengaris teleius,EVL_any,NA
8574418,Phengaris teleius,EVL_any,NA
8574417,Phengaris teleius,EVL_any,NA
8574413,Phengaris teleius,EVL_any,NA
8574410,Phengaris teleius,EVL_any,NA
8223569,Phengaris teleius,EVL_any,NA
8186531,Phengaris teleius,EVL_any,NA
8186549,Phengaris teleius,EVL_any,NA
8186550,Phengaris teleius,EVL_any,NA
8183458,Phengaris teleius,EVL_any,NA
8183456,Phengaris teleius,EVL_any,NA
8183455,Phengaris teleius,EVL_any,NA
8183452,Phengaris teleius,EVL_any,NA
8120882,Phengaris teleius,EVL_any,NA
8108420,Phengaris teleius,EVL_any,NA
8108418,Phengaris teleius,EVL_any,NA
8108415,Phengaris teleius,EVL_any,NA
8108408,Phengaris teleius,EVL_any,NA
8108405,Phengaris teleius,EVL_any,NA
8108402,Phengaris teleius,EVL_any,NA
8100041,Phengaris teleius,EVL_any,NA
8100039,Phengaris teleius,EVL_any,NA
8100039,Phengaris teleius,EVL_any,NA
8094906,Phengaris teleius,EVL_any,NA
7965829,Phengaris teleius,EVL_any,NA
7965824,Phengaris teleius,EVL_any,NA
7774986,Phengaris teleius,EVL_any,NA
7774818,Phengaris teleius,EVL_any,NA
7774817,Phengaris teleius,EVL_any,NA
7774816,Phengaris teleius,EVL_any,NA
7774815,Phengaris teleius,EVL_any,NA
7774814,Phengaris teleius,EVL_any,NA
7774812,Phengaris teleius,EVL_any,NA
7774809,Phengaris teleius,EVL_any,NA
7774808,Phengaris teleius,EVL_any,NA
7774800,Phengaris teleius,EVL_any,NA
7774799,Phengaris teleius,EVL_any,NA
7774798,Phengaris teleius,EVL_any,NA
7774797,Phengaris teleius,EVL_any,NA
7774796,Phengaris teleius,EVL_any,NA
7774795,Phengaris teleius,EVL_any,NA
7774794,Phengaris teleius,EVL_any,NA
7774793,Phengaris teleius,EVL_any,NA
7774791,Phengaris teleius,EVL_any,NA
7774790,Phengaris teleius,EVL_any,NA
7774789,Phengaris teleius,EVL_any,NA
7599086,Phengaris teleius,EVL_any,NA
7599084,Phengaris teleius,EVL_any,NA
7599080,Phengaris teleius,EVL_any,NA
7587659,Phengaris teleius,EVL_any,NA
7587658,Phengaris teleius,EVL_any,NA
7587649,Phengaris teleius,EVL_any,NA
7587611,Phengaris teleius,EVL_any,NA
7549340,Phengaris teleius,EVL_any,NA
7549338,Phengaris teleius,EVL_any,NA
7549337,Phengaris teleius,EVL_any,NA
7536470,Phengaris teleius,EVL_any,NA
7083081,Phengaris teleius,EVL_any,NA
7081480,Phengaris teleius,EVL_any,NA
7076538,Phengaris teleius,EVL_any,NA
7076515,Phengaris teleius,EVL_any,NA
7045743,Phengaris teleius,EVL_any,NA
7045734,Phengaris teleius,EVL_any,NA
7032696,Phengaris teleius,EVL_any,NA
7032695,Phengaris teleius,EVL_any,NA
7032694,Phengaris teleius,EVL_any,NA
7032692,Phengaris teleius,EVL_any,NA
12671814,Phengaris nausithous,EVL_any,NA
12671756,Phengaris nausithous,EVL_any,NA
12671753,Phengaris nausithous,EVL_any,NA
10680170,Phengaris nausithous,EVL_any,NA
10651545,Phengaris nausithous,EVL_any,NA
10651505,Phengaris nausithous,EVL_any,NA
10651496,Phengaris nausithous,EVL_any,NA
10651411,Phengaris nausithous,EVL_any,NA
10651386,Phengaris nausithous,EVL_any,NA
10651381,Phengaris nausithous,EVL_any,NA
10651378,Phengaris nausithous,EVL_any,NA
10651368,Phengaris nausithous,EVL_any,NA
10651368,Phengaris nausithous,EVL_any,NA
10643095,Phengaris nausithous,EVL_any,NA
10643081,Phengaris nausithous,EVL_any,NA
10095830,Phengaris nausithous,EVL_any,NA
10095831,Phengaris nausithous,EVL_any,NA
10085346,Phengaris nausithous,EVL_any,NA
10085368,Phengaris nausithous,EVL_any,NA
10085364,Phengaris nausithous,EVL_any,NA
9680073,Phengaris nausithous,EVL_any,NA
9680072,Phengaris nausithous,EVL_any,NA
9680034,Phengaris nausithous,EVL_any,NA
9680033,Phengaris nausithous,EVL_any,NA
9662527,Phengaris nausithous,EVL_any,NA
9536081,Phengaris nausithous,EVL_any,NA
9536080,Phengaris nausithous,EVL_any,NA
9390033,Phengaris nausithous,EVL_any,NA
9338552,Phengaris nausithous,EVL_any,NA
8639652,Phengaris nausithous,EVL_any,NA
8639669,Phengaris nausithous,EVL_any,NA
8639668,Phengaris nausithous,EVL_any,NA
8639525,Phengaris nausithous,EVL_any,NA
8639603,Phengaris nausithous,EVL_any,NA
8232269,Phengaris nausithous,EVL_any,NA
8232267,Phengaris nausithous,EVL_any,NA
8111324,Phengaris nausithous,EVL_any,NA
8111333,Phengaris nausithous,EVL_any,NA
8111289,Phengaris nausithous,EVL_any,NA
7774852,Phengaris nausithous,EVL_any,NA
7774843,Phengaris nausithous,EVL_any,NA
7774829,Phengaris nausithous,EVL_any,NA
7774828,Phengaris nausithous,EVL_any,NA
7774826,Phengaris nausithous,EVL_any,NA
7774824,Phengaris nausithous,EVL_any,NA
7774823,Phengaris nausithous,EVL_any,NA
7612460,Phengaris nausithous,EVL_any,NA
7597574,Phengaris nausithous,EVL_any,NA
7597529,Phengaris nausithous,EVL_any,NA
7597526,Phengaris nausithous,EVL_any,NA
7595250,Phengaris nausithous,EVL_any,NA
7595398,Phengaris nausithous,EVL_any,NA
7595397,Phengaris nausithous,EVL_any,NA
7595392,Phengaris nausithous,EVL_any,NA
7595322,Phengaris nausithous,EVL_any,NA
7595321,Phengaris nausithous,EVL_any,NA
7595286,Phengaris nausithous,EVL_any,NA
7550670,Phengaris nausithous,EVL_any,NA
7288923,Phengaris nausithous,EVL_any,NA
12671927,Phengaris teleius,EVL_any,NA
12671414,Phengaris teleius,EVL_any,NA
12670890,Phengaris teleius,EVL_any,NA
10651539,Phengaris teleius,EVL_any,NA
10651529,Phengaris teleius,EVL_any,NA
10651526,Phengaris teleius,EVL_any,NA
10651512,Phengaris teleius,EVL_any,NA
10651510,Phengaris teleius,EVL_any,NA
10651508,Phengaris teleius,EVL_any,NA
10651507,Phengaris teleius,EVL_any,NA
10651506,Phengaris teleius,EVL_any,NA
10651505,Phengaris teleius,EVL_any,NA
10651504,Phengaris teleius,EVL_any,NA
10651499,Phengaris teleius,EVL_any,NA
10651499,Phengaris teleius,EVL_any,NA
10651499,Phengaris teleius,EVL_any,NA
10651491,Phengaris teleius,EVL_any,NA
10651491,Phengaris teleius,EVL_any,NA
10651491,Phengaris teleius,EVL_any,NA
10651486,Phengaris teleius,EVL_any,NA
10651396,Phengaris teleius,EVL_any,NA
10651389,Phengaris teleius,EVL_any,NA
10651386,Phengaris teleius,EVL_any,NA
10651386,Phengaris teleius,EVL_any,NA
10651381,Phengaris teleius,EVL_any,NA
10651370,Phengaris teleius,EVL_any,NA
10651368,Phengaris teleius,EVL_any,NA
10643166,Phengaris teleius,EVL_any,NA
10643145,Phengaris teleius,EVL_any,NA
10643130,Phengaris teleius,EVL_any,NA
10643129,Phengaris teleius,EVL_any,NA
10643102,Phengaris teleius,EVL_any,NA
10643095,Phengaris teleius,EVL_any,NA
10643092,Phengaris teleius,EVL_any,NA
10643081,Phengaris teleius,EVL_any,NA
10095830,Phengaris teleius,EVL_any,NA
10095831,Phengaris teleius,EVL_any,NA
10085346,Phengaris teleius,EVL_any,NA
10085368,Phengaris teleius,EVL_any,NA
10085364,Phengaris teleius,EVL_any,NA
9680073,Phengaris teleius,EVL_any,NA
9680072,Phengaris teleius,EVL_any,NA
9680034,Phengaris teleius,EVL_any,NA
9680033,Phengaris teleius,EVL_any,NA
9680005,Phengaris teleius,EVL_any,NA
9680004,Phengaris teleius,EVL_any,NA
9662527,Phengaris teleius,EVL_any,NA
9536146,Phengaris teleius,EVL_any,NA
9535929,Phengaris teleius,EVL_any,NA
9535928,Phengaris teleius,EVL_any,NA
9390033,Phengaris teleius,EVL_any,NA
9390031,Phengaris teleius,EVL_any,NA
9338445,Phengaris teleius,EVL_any,NA
8639652,Phengaris teleius,EVL_any,NA
8639669,Phengaris teleius,EVL_any,NA
8639525,Phengaris teleius,EVL_any,NA
8639603,Phengaris teleius,EVL_any,NA
8609230,Phengaris teleius,EVL_any,NA
8303202,Phengaris teleius,EVL_any,NA
8232267,Phengaris teleius,EVL_any,NA
8111324,Phengaris teleius,EVL_any,NA
8111333,Phengaris teleius,EVL_any,NA
8111289,Phengaris teleius,EVL_any,NA
7814735,Phengaris teleius,EVL_any,NA
7774852,Phengaris teleius,EVL_any,NA
7774843,Phengaris teleius,EVL_any,NA
7774829,Phengaris teleius,EVL_any,NA
7774828,Phengaris teleius,EVL_any,NA
7774826,Phengaris teleius,EVL_any,NA
7774824,Phengaris teleius,EVL_any,NA
7774823,Phengaris teleius,EVL_any,NA
7595248,Phengaris teleius,EVL_any,NA
7595248,Phengaris teleius,EVL_any,NA
7595338,Phengaris teleius,EVL_any,NA
7595392,Phengaris teleius,EVL_any,NA
7595323,Phengaris teleius,EVL_any,NA
7595322,Phengaris teleius,EVL_any,NA
7595321,Phengaris teleius,EVL_any,NA
7550670,Phengaris teleius,EVL_any,NA
7288923,Phengaris teleius,EVL_any,NA
12671073,Phengaris nausithous,EVL_any,NA
10680300,Phengaris nausithous,EVL_any,NA
10505888,Phengaris nausithous,EVL_any,NA
10505886,Phengaris nausithous,EVL_any,NA
10505885,Phengaris nausithous,EVL_any,NA
9536193,Phengaris nausithous,EVL_any,NA
9536006,Phengaris nausithous,EVL_any,NA
7033831,Phengaris nausithous,EVL_any,NA
7033829,Phengaris teleius,EVL_any,NA
7634192,Phengaris nausithous,EVL_any,NA
7601500,Phengaris nausithous,EVL_any,NA
7634192,Phengaris teleius,EVL_any,NA
7601500,Phengaris teleius,EVL_any,NA
7036181,Phengaris nausithous,EVL_any,NA
7036181,Phengaris teleius,EVL_any,NA
7547237,Phengaris nausithous,EVL_any,NA
12671532,Phengaris nausithous,EVL_any,NA
12671070,Phengaris nausithous,EVL_any,NA
12671533,Phengaris teleius,EVL_any,NA
12670925,Phengaris teleius,EVL_any,NA
10101305,Phengaris nausithous,EVL_any,NA
10101304,Phengaris nausithous,EVL_any,NA
7601433,Phengaris nausithous,EVL_any,NA
7536625,Phengaris nausithous,EVL_any,NA
10101305,Phengaris teleius,EVL_any,NA
7774991,Phengaris nausithous,EVL_any,NA
7774822,Phengaris nausithous,EVL_any,NA
7774991,Phengaris teleius,EVL_any,NA
7774822,Phengaris teleius,EVL_any,NA
12671894,Phengaris nausithous,EVL_any,NA
8656562,Phengaris teleius,EVL_any,NA
8769678,Phengaris nausithous,EVL_any,NA
8769711,Phengaris teleius,EVL_any,NA
9348982,Phengaris teleius,EVL_any,NA
8574389,Phengaris nausithous,EVL_any,NA
8574390,Phengaris teleius,EVL_any,NA
9658520,Phengaris teleius,EVL_any,NA
12671768,Phengaris nausithous,EVL_any,NA
8769705,Phengaris nausithous,EVL_any,NA
8769728,Phengaris nausithous,EVL_any,NA
8769739,Phengaris nausithous,EVL_any,NA
7187610,Phengaris nausithous,EVL_any,NA
7187569,Phengaris nausithous,EVL_any,NA
8769708,Phengaris teleius,EVL_any,NA
8769723,Phengaris teleius,EVL_any,NA
8769676,Phengaris teleius,EVL_any,NA
7963096,Phengaris teleius,EVL_any,NA
7587782,Phengaris nausithous,EVL_any,NA
12671821,Phengaris nausithous,EVL_any,NA
12672063,Phengaris nausithous,EVL_any,NA
7314538,Phengaris nausithous,EVL_any,NA
8574690,Phengaris nausithous,EVL_any,NA
7774902,Phengaris nausithous,EVL_any,NA
7187035,Phengaris nausithous,EVL_any,NA
8574689,Phengaris teleius,EVL_any,NA
8339988,Phengaris teleius,EVL_any,NA
1011890,Phengaris teleius,EVL_any,NA
7774902,Phengaris teleius,EVL_any,NA
7187035,Phengaris teleius,EVL_any,NA
7322855,Phengaris nausithous,EVL_any,NA
7187176,Phengaris nausithous,EVL_any,NA
10036322,Phengaris teleius,EVL_any,NA
10036321,Phengaris teleius,EVL_any,NA
8581276,Phengaris teleius,EVL_any,NA
7587620,Phengaris nausithous,EVL_any,NA
7587619,Phengaris nausithous,EVL_any,NA
7587618,Phengaris nausithous,EVL_any,NA
7587617,Phengaris nausithous,EVL_any,NA
8373615,Phengaris nausithous,EVL_any,NA
8373615,Phengaris teleius,EVL_any,NA
12672004,Phengaris nausithous,EVL_any,NA
7187449,Phengaris nausithous,EVL_any,NA
8641702,Phengaris nausithous,EVL_any,NA
8641703,Phengaris teleius,EVL_any,NA
12671807,Phengaris nausithous,EVL_any,NA
8318892,Phengaris nausithous,EVL_any,NA
8318892,Phengaris teleius,EVL_any,NA
7187636,Phengaris nausithous,EVL_any,NA
8318893,Phengaris nausithous,EVL_any,NA
8318893,Phengaris teleius,EVL_any,NA
10150538,Phengaris nausithous,EVL_any,NA
1817978,Phengaris nausithous,EVL_any,NA
12671112,Phengaris teleius,EVL_any,NA
10150538,Phengaris teleius,EVL_any,NA
8610641,Phengaris teleius,EVL_any,NA
1817978,Phengaris teleius,EVL_any,NA
10190863,Phengaris nausithous,EVL_any,NA
8617368,Phengaris nausithous,EVL_any,NA
9305853,Phengaris nausithous,EVL_any,NA
9305853,Phengaris nausithous,EVL_any,NA
8772676,Phengaris nausithous,EVL_any,NA
8772676,Phengaris nausithous,EVL_any,NA
8620646,Phengaris nausithous,EVL_any,NA
8236029,Phengaris nausithous,EVL_any,NA
9305853,Phengaris teleius,EVL_any,NA
9305853,Phengaris teleius,EVL_any,NA
8772676,Phengaris teleius,EVL_any,NA
8772676,Phengaris teleius,EVL_any,NA
8620649,Phengaris teleius,EVL_any,NA
8620646,Phengaris teleius,EVL_any,NA
8236029,Phengaris teleius,EVL_any,NA
8318895,Phengaris nausithous,EVL_any,NA
7774915,Phengaris nausithous,EVL_any,NA
8318895,Phengaris teleius,EVL_any,NA
7774915,Phengaris teleius,EVL_any,NA
7628394,Phengaris teleius,EVL_any,NA
9628860,Phengaris nausithous,EVL_any,NA
9628724,Phengaris nausithous,EVL_any,NA
9628798,Phengaris nausithous,EVL_any,NA
8770213,Phengaris nausithous,EVL_any,NA
8770151,Phengaris nausithous,EVL_any,NA
8770144,Phengaris nausithous,EVL_any,NA
7187046,Phengaris nausithous,EVL_any,NA
12672031,Phengaris teleius,EVL_any,NA
9628755,Phengaris teleius,EVL_any,NA
9628840,Phengaris teleius,EVL_any,NA
8770214,Phengaris teleius,EVL_any,NA
8770152,Phengaris teleius,EVL_any,NA
8770142,Phengaris teleius,EVL_any,NA
8626318,Phengaris nausithous,EVL_any,NA
7647203,Phengaris nausithous,EVL_any,NA
10214765,Phengaris nausithous,EVL_any,NA
7528232,Phengaris nausithous,EVL_any,NA
8361939,Phengaris nausithous,EVL_any,NA
8361939,Phengaris nausithous,EVL_any,NA
7959584,Phengaris nausithous,EVL_any,NA
10092812,Phengaris nausithous,EVL_any,NA
7591087,Phengaris nausithous,EVL_any,NA
7591055,Phengaris nausithous,EVL_any,NA
7591053,Phengaris nausithous,EVL_any,NA
7591051,Phengaris nausithous,EVL_any,NA
7591049,Phengaris nausithous,EVL_any,NA
7591047,Phengaris nausithous,EVL_any,NA
7591045,Phengaris nausithous,EVL_any,NA
7591043,Phengaris nausithous,EVL_any,NA
7591041,Phengaris nausithous,EVL_any,NA
7313740,Phengaris nausithous,EVL_any,NA
7034503,Phengaris nausithous,EVL_any,NA
7781463,Phengaris teleius,EVL_any,NA
7591086,Phengaris teleius,EVL_any,NA
7591085,Phengaris teleius,EVL_any,NA
7591083,Phengaris teleius,EVL_any,NA
7591080,Phengaris teleius,EVL_any,NA
7591078,Phengaris teleius,EVL_any,NA
7591073,Phengaris teleius,EVL_any,NA
7591059,Phengaris teleius,EVL_any,NA
7591057,Phengaris teleius,EVL_any,NA
7591055,Phengaris teleius,EVL_any,NA
7591053,Phengaris teleius,EVL_any,NA
7591051,Phengaris teleius,EVL_any,NA
7591049,Phengaris teleius,EVL_any,NA
7591047,Phengaris teleius,EVL_any,NA
7591045,Phengaris teleius,EVL_any,NA
7591043,Phengaris teleius,EVL_any,NA
7591041,Phengaris teleius,EVL_any,NA
7034503,Phengaris teleius,EVL_any,NA
9679924,Phengaris nausithous,EVL_any,NA
9679923,Phengaris nausithous,EVL_any,NA
9679923,Phengaris nausithous,EVL_any,NA
9679807,Phengaris nausithous,EVL_any,NA
7773611,Phengaris nausithous,EVL_any,NA
7772570,Phengaris nausithous,EVL_any,NA
7772568,Phengaris nausithous,EVL_any,NA
7527466,Phengaris nausithous,EVL_any,NA
9679940,Phengaris teleius,EVL_any,NA
7772570,Phengaris teleius,EVL_any,NA
7772568,Phengaris teleius,EVL_any,NA
8795997,Phengaris nausithous,EVL_any,NA
8795989,Phengaris nausithous,EVL_any,NA
10089121,Phengaris nausithous,EVL_any,NA
7176043,Phengaris nausithous,EVL_any,NA
7176043,Phengaris teleius,EVL_any,NA
6953926,Phengaris teleius,EVL_any,NA
9527219,Phengaris nausithous,EVL_any,NA
9527217,Phengaris nausithous,EVL_any,NA
9527217,Phengaris nausithous,EVL_any,NA
9527219,Phengaris nausithous,EVL_any,NA
9527229,Phengaris nausithous,EVL_any,NA
9527229,Phengaris nausithous,EVL_any,NA
10242663,Phengaris teleius,EVL_any,NA
9527219,Phengaris teleius,EVL_any,NA
9527217,Phengaris teleius,EVL_any,NA
9527217,Phengaris teleius,EVL_any,NA
9527219,Phengaris teleius,EVL_any,NA
9527210,Phengaris teleius,EVL_any,NA
9527206,Phengaris teleius,EVL_any,NA
9527206,Phengaris teleius,EVL_any,NA
9527229,Phengaris teleius,EVL_any,NA
9527229,Phengaris teleius,EVL_any,NA
7584097,Phengaris nausithous,EVL_any,NA
7042815,Phengaris nausithous,EVL_any,NA
7581639,Phengaris nausithous,EVL_any,NA
8271111,Phengaris nausithous,EVL_any,NA
7767652,Phengaris nausithous,EVL_any,NA
7767650,Phengaris nausithous,EVL_any,NA
7587842,Phengaris nausithous,EVL_any,NA
7540864,Phengaris nausithous,EVL_any,NA
7540863,Phengaris nausithous,EVL_any,NA
7185687,Phengaris nausithous,EVL_any,NA
7185686,Phengaris nausithous,EVL_any,NA
7185676,Phengaris nausithous,EVL_any,NA
12672005,Phengaris nausithous,EVL_any,NA
12671547,Phengaris nausithous,EVL_any,NA
7767614,Phengaris nausithous,EVL_any,NA
7540826,Phengaris nausithous,EVL_any,NA
7775031,Phengaris nausithous,EVL_any,NA
7774888,Phengaris nausithous,EVL_any,NA
7775031,Phengaris teleius,EVL_any,NA
7774888,Phengaris teleius,EVL_any,NA
9628723,Phengaris nausithous,EVL_any,NA
7774721,Phengaris nausithous,EVL_any,NA
7774720,Phengaris nausithous,EVL_any,NA
7774721,Phengaris teleius,EVL_any,NA
7774720,Phengaris teleius,EVL_any,NA
10642802,Phengaris nausithous,EVL_any,NA
10642802,Phengaris nausithous,EVL_any,NA
10642802,Phengaris teleius,EVL_any,NA
10642802,Phengaris teleius,EVL_any,NA
8574476,Phengaris nausithous,EVL_any,NA
8475654,Phengaris nausithous,EVL_any,NA
10642979,Phengaris teleius,EVL_any,NA
10642975,Phengaris teleius,EVL_any,NA
10642925,Phengaris teleius,EVL_any,NA
9536174,Phengaris teleius,EVL_any,NA
9535922,Phengaris teleius,EVL_any,NA
9535920,Phengaris teleius,EVL_any,NA
8574477,Phengaris teleius,EVL_any,NA
8319079,Phengaris nausithous,EVL_any,NA
10642807,Phengaris teleius,EVL_any,NA
8319079,Phengaris teleius,EVL_any,NA
8574467,Phengaris nausithous,EVL_any,NA
12672034,Phengaris nausithous,EVL_any,NA
8574474,Phengaris nausithous,EVL_any,NA
12671237,Phengaris teleius,EVL_any,NA
8122605,Phengaris nausithous,EVL_any,NA
8122598,Phengaris nausithous,EVL_any,NA
8956564,Phengaris nausithous,EVL_any,NA
7180056,Phengaris nausithous,EVL_any,NA
8795041,Phengaris teleius,EVL_any,NA
7180056,Phengaris teleius,EVL_any,NA
7282054,Phengaris nausithous,EVL_any,NA
7966193,Phengaris nausithous,EVL_any,NA
7537494,Phengaris nausithous,EVL_any,NA
7176051,Phengaris nausithous,EVL_any,NA
7176051,Phengaris nausithous,EVL_any,NA
7176051,Phengaris teleius,EVL_any,NA
7176051,Phengaris teleius,EVL_any,NA
8574540,Phengaris nausithous,EVL_any,NA
8574539,Phengaris nausithous,EVL_any,NA
8271389,Phengaris teleius,EVL_any,NA
8959090,Phengaris nausithous,EVL_any,NA
9382454,Phengaris nausithous,EVL_any,NA
9382454,Phengaris nausithous,EVL_any,NA
8248282,Phengaris nausithous,EVL_any,NA
8236032,Phengaris nausithous,EVL_any,NA
8236031,Phengaris nausithous,EVL_any,NA
8248282,Phengaris teleius,EVL_any,NA
8236032,Phengaris teleius,EVL_any,NA
9372733,Phengaris nausithous,EVL_any,NA
8122600,Phengaris nausithous,EVL_any,NA
8113636,Phengaris nausithous,EVL_any,NA
8113635,Phengaris nausithous,EVL_any,NA
8095139,Phengaris nausithous,EVL_any,NA
8094950,Phengaris nausithous,EVL_any,NA
8094839,Phengaris nausithous,EVL_any,NA
8094838,Phengaris nausithous,EVL_any,NA
8094821,Phengaris nausithous,EVL_any,NA
8094837,Phengaris nausithous,EVL_any,NA
8090016,Phengaris nausithous,EVL_any,NA
8090112,Phengaris nausithous,EVL_any,NA
8090111,Phengaris nausithous,EVL_any,NA
7032725,Phengaris nausithous,EVL_any,NA
8113635,Phengaris teleius,EVL_any,NA
8094839,Phengaris teleius,EVL_any,NA
8094838,Phengaris teleius,EVL_any,NA
8094837,Phengaris teleius,EVL_any,NA
8090016,Phengaris teleius,EVL_any,NA
8090112,Phengaris teleius,EVL_any,NA
12671677,Phengaris nausithous,EVL_any,NA
12670956,Phengaris nausithous,EVL_any,NA
12672020,Phengaris nausithous,EVL_any,NA
12671117,Phengaris nausithous,EVL_any,NA
12671737,Phengaris nausithous,EVL_any,NA
12671348,Phengaris nausithous,EVL_any,NA
7587560,Phengaris nausithous,EVL_any,NA
7587559,Phengaris nausithous,EVL_any,NA
12671370,Phengaris teleius,EVL_any,NA
12671742,Phengaris teleius,EVL_any,NA
12671316,Phengaris teleius,EVL_any,NA
12671307,Phengaris teleius,EVL_any,NA
12671555,Phengaris teleius,EVL_any,NA
12671971,Phengaris teleius,EVL_any,NA
10092824,Phengaris nausithous,EVL_any,NA
9353833,Phengaris nausithous,EVL_any,NA
9353831,Phengaris nausithous,EVL_any,NA
7032016,Phengaris nausithous,EVL_any,NA
7032101,Phengaris nausithous,EVL_any,NA
12671360,Phengaris nausithous,EVL_any,NA
9628770,Phengaris nausithous,EVL_any,NA
9628836,Phengaris nausithous,EVL_any,NA
9376667,Phengaris nausithous,EVL_any,NA
8769681,Phengaris nausithous,EVL_any,NA
8113206,Phengaris nausithous,EVL_any,NA
12671584,Phengaris teleius,EVL_any,NA
12671470,Phengaris teleius,EVL_any,NA
12672075,Phengaris teleius,EVL_any,NA
9376667,Phengaris teleius,EVL_any,NA
10505883,Phengaris nausithous,EVL_any,NA
10505882,Phengaris nausithous,EVL_any,NA
7187607,Phengaris nausithous,EVL_any,NA
8998038,Phengaris nausithous,EVL_any,NA
8998038,Phengaris teleius,EVL_any,NA
8318950,Phengaris nausithous,EVL_any,NA
8318950,Phengaris teleius,EVL_any,NA
8207444,Phengaris nausithous,EVL_any,NA
8207444,Phengaris teleius,EVL_any,NA
8207444,Phengaris teleius,EVL_any,NA
8953640,Phengaris nausithous,EVL_any,NA
8795019,Phengaris nausithous,EVL_any,NA
8795111,Phengaris nausithous,EVL_any,NA
8795096,Phengaris nausithous,EVL_any,NA
8795068,Phengaris nausithous,EVL_any,NA
8795045,Phengaris nausithous,EVL_any,NA
8795144,Phengaris nausithous,EVL_any,NA
8795114,Phengaris nausithous,EVL_any,NA
8795030,Phengaris nausithous,EVL_any,NA
7775111,Phengaris nausithous,EVL_any,NA
7774679,Phengaris nausithous,EVL_any,NA
7604973,Phengaris nausithous,EVL_any,NA
7604979,Phengaris nausithous,EVL_any,NA
7604977,Phengaris nausithous,EVL_any,NA
7775111,Phengaris teleius,EVL_any,NA
7774679,Phengaris teleius,EVL_any,NA
12671432,Phengaris nausithous,EVL_any,NA
12671664,Phengaris nausithous,EVL_any,NA
12671897,Phengaris nausithous,EVL_any,NA
8574120,Phengaris nausithous,EVL_any,NA
8574118,Phengaris nausithous,EVL_any,NA
8574116,Phengaris nausithous,EVL_any,NA
12671746,Phengaris teleius,EVL_any,NA
12671788,Phengaris teleius,EVL_any,NA
8574121,Phengaris teleius,EVL_any,NA
8574119,Phengaris teleius,EVL_any,NA
8574117,Phengaris teleius,EVL_any,NA
8574733,Phengaris nausithous,EVL_any,NA
8574734,Phengaris teleius,EVL_any,NA
12671061,Phengaris nausithous,EVL_any,NA
12671695,Phengaris nausithous,EVL_any,NA
11947057,Phengaris nausithous,EVL_any,NA
7187364,Phengaris nausithous,EVL_any,NA
7187364,Phengaris nausithous,EVL_any,NA
7291132,Phengaris nausithous,EVL_any,NA
10769693,Phengaris nausithous,EVL_any,NA
10073058,Phengaris nausithous,EVL_any,NA
9398507,Phengaris nausithous,EVL_any,NA
9344927,Phengaris nausithous,EVL_any,NA
9344926,Phengaris nausithous,EVL_any,NA
9344925,Phengaris nausithous,EVL_any,NA
9344924,Phengaris nausithous,EVL_any,NA
9344922,Phengaris nausithous,EVL_any,NA
9344918,Phengaris nausithous,EVL_any,NA
9343931,Phengaris nausithous,EVL_any,NA
8775733,Phengaris nausithous,EVL_any,NA
8775735,Phengaris nausithous,EVL_any,NA
8775741,Phengaris nausithous,EVL_any,NA
8644315,Phengaris nausithous,EVL_any,NA
8631445,Phengaris nausithous,EVL_any,NA
8631444,Phengaris nausithous,EVL_any,NA
8475656,Phengaris nausithous,EVL_any,NA
8111798,Phengaris nausithous,EVL_any,NA
8098416,Phengaris nausithous,EVL_any,NA
8090830,Phengaris nausithous,EVL_any,NA
8090829,Phengaris nausithous,EVL_any,NA
8090828,Phengaris nausithous,EVL_any,NA
7963109,Phengaris nausithous,EVL_any,NA
7583648,Phengaris nausithous,EVL_any,NA
7549417,Phengaris nausithous,EVL_any,NA
7549413,Phengaris nausithous,EVL_any,NA
7549412,Phengaris nausithous,EVL_any,NA
7544125,Phengaris nausithous,EVL_any,NA
7544108,Phengaris nausithous,EVL_any,NA
7544107,Phengaris nausithous,EVL_any,NA
7544106,Phengaris nausithous,EVL_any,NA
7544105,Phengaris nausithous,EVL_any,NA
7544104,Phengaris nausithous,EVL_any,NA
7532901,Phengaris nausithous,EVL_any,NA
7532900,Phengaris nausithous,EVL_any,NA
7526246,Phengaris nausithous,EVL_any,NA
7526245,Phengaris nausithous,EVL_any,NA
7523445,Phengaris nausithous,EVL_any,NA
7519140,Phengaris nausithous,EVL_any,NA
7519139,Phengaris nausithous,EVL_any,NA
7042941,Phengaris nausithous,EVL_any,NA
7042939,Phengaris nausithous,EVL_any,NA
7042938,Phengaris nausithous,EVL_any,NA
7042937,Phengaris nausithous,EVL_any,NA
7042936,Phengaris nausithous,EVL_any,NA
7040185,Phengaris nausithous,EVL_any,NA
7030780,Phengaris nausithous,EVL_any,NA
7030779,Phengaris nausithous,EVL_any,NA
7030773,Phengaris nausithous,EVL_any,NA
7030772,Phengaris nausithous,EVL_any,NA
7030770,Phengaris nausithous,EVL_any,NA
7027296,Phengaris nausithous,EVL_any,NA
7027295,Phengaris nausithous,EVL_any,NA
7027294,Phengaris nausithous,EVL_any,NA
7027293,Phengaris nausithous,EVL_any,NA
7027287,Phengaris nausithous,EVL_any,NA
7027285,Phengaris nausithous,EVL_any,NA
7024643,Phengaris nausithous,EVL_any,NA
10769693,Phengaris teleius,EVL_any,NA
10073059,Phengaris teleius,EVL_any,NA
10033302,Phengaris teleius,EVL_any,NA
10033300,Phengaris teleius,EVL_any,NA
10033299,Phengaris teleius,EVL_any,NA
9344927,Phengaris teleius,EVL_any,NA
9344926,Phengaris teleius,EVL_any,NA
9344925,Phengaris teleius,EVL_any,NA
9344924,Phengaris teleius,EVL_any,NA
9344923,Phengaris teleius,EVL_any,NA
9344922,Phengaris teleius,EVL_any,NA
9344921,Phengaris teleius,EVL_any,NA
9344917,Phengaris teleius,EVL_any,NA
8775731,Phengaris teleius,EVL_any,NA
8775731,Phengaris teleius,EVL_any,NA
8775733,Phengaris teleius,EVL_any,NA
8775733,Phengaris teleius,EVL_any,NA
8775733,Phengaris teleius,EVL_any,NA
8775741,Phengaris teleius,EVL_any,NA
8775745,Phengaris teleius,EVL_any,NA
8775745,Phengaris teleius,EVL_any,NA
8775745,Phengaris teleius,EVL_any,NA
8775747,Phengaris teleius,EVL_any,NA
8775747,Phengaris teleius,EVL_any,NA
8609053,Phengaris teleius,EVL_any,NA
8609052,Phengaris teleius,EVL_any,NA
7963110,Phengaris teleius,EVL_any,NA
7963108,Phengaris teleius,EVL_any,NA
7963107,Phengaris teleius,EVL_any,NA
7583648,Phengaris teleius,EVL_any,NA
7532901,Phengaris teleius,EVL_any,NA
7523446,Phengaris teleius,EVL_any,NA
7519141,Phengaris teleius,EVL_any,NA
7453044,Phengaris teleius,EVL_any,NA
7027295,Phengaris teleius,EVL_any,NA
9536899,Phengaris nausithous,EVL_any,NA
9537188,Phengaris nausithous,EVL_any,NA
9536899,Phengaris teleius,EVL_any,NA
9537188,Phengaris teleius,EVL_any,NA
9537188,Phengaris teleius,EVL_any,NA
9537188,Phengaris teleius,EVL_any,NA
9536899,Phengaris teleius,EVL_any,NA
7187229,Phengaris nausithous,EVL_any,NA
8574267,Phengaris nausithous,EVL_target,Phengaris nausithous
8574266,Phengaris nausithous,EVL_target,Phengaris nausithous
8110841,Phengaris nausithous,EVL_target,Phengaris nausithous
12671581,Phengaris nausithous,EVL_target,Phengaris nausithous
10099649,Phengaris nausithous,EVL_target,Phengaris nausithous
10082713,Phengaris nausithous,EVL_target,Phengaris nausithous
9365969,Phengaris nausithous,EVL_target,Phengaris nausithous
8795995,Phengaris nausithous,EVL_target,Phengaris nausithous
8574058,Phengaris nausithous,EVL_target,Phengaris nausithous
8095243,Phengaris nausithous,EVL_target,Phengaris nausithous
8095243,Phengaris nausithous,EVL_target,Phengaris nausithous
7587642,Phengaris nausithous,EVL_target,Phengaris nausithous
7187780,Phengaris nausithous,EVL_target,Phengaris nausithous
10769669,Phengaris nausithous,EVL_target,Phengaris nausithous
10769278,Phengaris nausithous,EVL_target,Phengaris nausithous
10769010,Phengaris nausithous,EVL_target,Phengaris nausithous
10085372,Phengaris nausithous,EVL_target,Phengaris nausithous
9628737,Phengaris nausithous,EVL_target,Phengaris nausithous
9487728,Phengaris nausithous,EVL_target,Phengaris nausithous
9369755,Phengaris nausithous,EVL_target,Phengaris nausithous
9369752,Phengaris nausithous,EVL_target,Phengaris nausithous
9367087,Phengaris nausithous,EVL_target,Phengaris nausithous
9367086,Phengaris nausithous,EVL_target,Phengaris nausithous
9363102,Phengaris nausithous,EVL_target,Phengaris nausithous
9363101,Phengaris nausithous,EVL_target,Phengaris nausithous
9256858,Phengaris nausithous,EVL_target,Phengaris nausithous
9256822,Phengaris nausithous,EVL_target,Phengaris nausithous
9256814,Phengaris nausithous,EVL_target,Phengaris nausithous
9256831,Phengaris nausithous,EVL_target,Phengaris nausithous
9256826,Phengaris nausithous,EVL_target,Phengaris nausithous
9256850,Phengaris nausithous,EVL_target,Phengaris nausithous
9256813,Phengaris nausithous,EVL_target,Phengaris nausithous
9256855,Phengaris nausithous,EVL_target,Phengaris nausithous
9256851,Phengaris nausithous,EVL_target,Phengaris nausithous
9256817,Phengaris nausithous,EVL_target,Phengaris nausithous
9256825,Phengaris nausithous,EVL_target,Phengaris nausithous
9256857,Phengaris nausithous,EVL_target,Phengaris nausithous
9256839,Phengaris nausithous,EVL_target,Phengaris nausithous
9256845,Phengaris nausithous,EVL_target,Phengaris nausithous
9256832,Phengaris nausithous,EVL_target,Phengaris nausithous
9255475,Phengaris nausithous,EVL_target,Phengaris nausithous
9255465,Phengaris nausithous,EVL_target,Phengaris nausithous
9255463,Phengaris nausithous,EVL_target,Phengaris nausithous
9255470,Phengaris nausithous,EVL_target,Phengaris nausithous
9255468,Phengaris nausithous,EVL_target,Phengaris nausithous
9255466,Phengaris nausithous,EVL_target,Phengaris nausithous
9255471,Phengaris nausithous,EVL_target,Phengaris nausithous
9255472,Phengaris nausithous,EVL_target,Phengaris nausithous
9255469,Phengaris nausithous,EVL_target,Phengaris nausithous
9255476,Phengaris nausithous,EVL_target,Phengaris nausithous
9255464,Phengaris nausithous,EVL_target,Phengaris nausithous
8799966,Phengaris nausithous,EVL_target,Phengaris nausithous
8636968,Phengaris nausithous,EVL_target,Phengaris nausithous
8611362,Phengaris nausithous,EVL_target,Phengaris nausithous
8574722,Phengaris nausithous,EVL_target,Phengaris nausithous
8574721,Phengaris nausithous,EVL_target,Phengaris nausithous
8574720,Phengaris nausithous,EVL_target,Phengaris nausithous
8574719,Phengaris nausithous,EVL_target,Phengaris nausithous
8574718,Phengaris nausithous,EVL_target,Phengaris nausithous
8574717,Phengaris nausithous,EVL_target,Phengaris nausithous
8574716,Phengaris nausithous,EVL_target,Phengaris nausithous
8574715,Phengaris nausithous,EVL_target,Phengaris nausithous
8574713,Phengaris nausithous,EVL_target,Phengaris nausithous
8574712,Phengaris nausithous,EVL_target,Phengaris nausithous
8574711,Phengaris nausithous,EVL_target,Phengaris nausithous
8574710,Phengaris nausithous,EVL_target,Phengaris nausithous
8574709,Phengaris nausithous,EVL_target,Phengaris nausithous
8574708,Phengaris nausithous,EVL_target,Phengaris nausithous
8574707,Phengaris nausithous,EVL_target,Phengaris nausithous
8574706,Phengaris nausithous,EVL_target,Phengaris nausithous
8574705,Phengaris nausithous,EVL_target,Phengaris nausithous
8574704,Phengaris nausithous,EVL_target,Phengaris nausithous
8574702,Phengaris nausithous,EVL_target,Phengaris nausithous
8574701,Phengaris nausithous,EVL_target,Phengaris nausithous
8574700,Phengaris nausithous,EVL_target,Phengaris nausithous
8574699,Phengaris nausithous,EVL_target,Phengaris nausithous
8574697,Phengaris nausithous,EVL_target,Phengaris nausithous
8574695,Phengaris nausithous,EVL_target,Phengaris nausithous
8574693,Phengaris nausithous,EVL_target,Phengaris nausithous
8574692,Phengaris nausithous,EVL_target,Phengaris nausithous
8574597,Phengaris nausithous,EVL_target,Phengaris nausithous
8307509,Phengaris nausithous,EVL_target,Phengaris nausithous
7945289,Phengaris nausithous,EVL_target,Phengaris nausithous
7945289,Phengaris nausithous,EVL_target,Phengaris nausithous
7945779,Phengaris nausithous,EVL_target,Phengaris nausithous
7945309,Phengaris nausithous,EVL_target,Phengaris nausithous
7789445,Phengaris nausithous,EVL_target,Phengaris nausithous
7775042,Phengaris nausithous,EVL_target,Phengaris nausithous
7774988,Phengaris nausithous,EVL_target,Phengaris nausithous
7774911,Phengaris nausithous,EVL_target,Phengaris nausithous
7774910,Phengaris nausithous,EVL_target,Phengaris nausithous
7774909,Phengaris nausithous,EVL_target,Phengaris nausithous
7774908,Phengaris nausithous,EVL_target,Phengaris nausithous
7774907,Phengaris nausithous,EVL_target,Phengaris nausithous
7774906,Phengaris nausithous,EVL_target,Phengaris nausithous
7774905,Phengaris nausithous,EVL_target,Phengaris nausithous
7774904,Phengaris nausithous,EVL_target,Phengaris nausithous
7774903,Phengaris nausithous,EVL_target,Phengaris nausithous
7666732,Phengaris nausithous,EVL_target,Phengaris nausithous
7639441,Phengaris nausithous,EVL_target,Phengaris nausithous
7640209,Phengaris nausithous,EVL_target,Phengaris nausithous
7552193,Phengaris nausithous,EVL_target,Phengaris nausithous
7187819,Phengaris nausithous,EVL_target,Phengaris nausithous
7187818,Phengaris nausithous,EVL_target,Phengaris nausithous
7187503,Phengaris nausithous,EVL_target,Phengaris nausithous
7187502,Phengaris nausithous,EVL_target,Phengaris nausithous
7187501,Phengaris nausithous,EVL_target,Phengaris nausithous
7187500,Phengaris nausithous,EVL_target,Phengaris nausithous
7187499,Phengaris nausithous,EVL_target,Phengaris nausithous
7187498,Phengaris nausithous,EVL_target,Phengaris nausithous
7187497,Phengaris nausithous,EVL_target,Phengaris nausithous
7187496,Phengaris nausithous,EVL_target,Phengaris nausithous
7187495,Phengaris nausithous,EVL_target,Phengaris nausithous
7187494,Phengaris nausithous,EVL_target,Phengaris nausithous
7187493,Phengaris nausithous,EVL_target,Phengaris nausithous
7187492,Phengaris nausithous,EVL_target,Phengaris nausithous
7187243,Phengaris nausithous,EVL_target,Phengaris nausithous
7187242,Phengaris nausithous,EVL_target,Phengaris nausithous
7187241,Phengaris nausithous,EVL_target,Phengaris nausithous
7187240,Phengaris nausithous,EVL_target,Phengaris nausithous
7187239,Phengaris nausithous,EVL_target,Phengaris nausithous
7187238,Phengaris nausithous,EVL_target,Phengaris nausithous
7187237,Phengaris nausithous,EVL_target,Phengaris nausithous
7187236,Phengaris nausithous,EVL_target,Phengaris nausithous
7187235,Phengaris nausithous,EVL_target,Phengaris nausithous
7187234,Phengaris nausithous,EVL_target,Phengaris nausithous
7187076,Phengaris nausithous,EVL_target,Phengaris nausithous
7187034,Phengaris nausithous,EVL_target,Phengaris nausithous
7187033,Phengaris nausithous,EVL_target,Phengaris nausithous
7187032,Phengaris nausithous,EVL_target,Phengaris nausithous
7187008,Phengaris nausithous,EVL_target,Phengaris nausithous
7033055,Phengaris nausithous,EVL_target,Phengaris nausithous
7031459,Phengaris nausithous,EVL_target,Phengaris nausithous
7031458,Phengaris nausithous,EVL_target,Phengaris nausithous
10769276,Phengaris teleius,EVL_target,Phengaris nausithous
10769276,Phengaris teleius,EVL_target,Phengaris nausithous
10769248,Phengaris teleius,EVL_target,Phengaris nausithous
10769252,Phengaris teleius,EVL_target,Phengaris nausithous
10769242,Phengaris teleius,EVL_target,Phengaris nausithous
10769242,Phengaris teleius,EVL_target,Phengaris nausithous
10769232,Phengaris teleius,EVL_target,Phengaris nausithous
10769102,Phengaris teleius,EVL_target,Phengaris nausithous
10769077,Phengaris teleius,EVL_target,Phengaris nausithous
10769010,Phengaris teleius,EVL_target,Phengaris nausithous
10769010,Phengaris teleius,EVL_target,Phengaris nausithous
10769001,Phengaris teleius,EVL_target,Phengaris nausithous
10767894,Phengaris teleius,EVL_target,Phengaris nausithous
10691166,Phengaris teleius,EVL_target,Phengaris nausithous
10688677,Phengaris teleius,EVL_target,Phengaris nausithous
1218356,Phengaris teleius,EVL_target,Phengaris nausithous
1218356,Phengaris teleius,EVL_target,Phengaris nausithous
1218356,Phengaris teleius,EVL_target,Phengaris nausithous
10071663,Phengaris teleius,EVL_target,Phengaris nausithous
9369752,Phengaris teleius,EVL_target,Phengaris nausithous
9256854,Phengaris teleius,EVL_target,Phengaris nausithous
9255474,Phengaris teleius,EVL_target,Phengaris nausithous
9255467,Phengaris teleius,EVL_target,Phengaris nausithous
9255473,Phengaris teleius,EVL_target,Phengaris nausithous
8799966,Phengaris teleius,EVL_target,Phengaris nausithous
8799966,Phengaris teleius,EVL_target,Phengaris nausithous
8574714,Phengaris teleius,EVL_target,Phengaris nausithous
8574703,Phengaris teleius,EVL_target,Phengaris nausithous
8574698,Phengaris teleius,EVL_target,Phengaris nausithous
8574696,Phengaris teleius,EVL_target,Phengaris nausithous
8574694,Phengaris teleius,EVL_target,Phengaris nausithous
8574691,Phengaris teleius,EVL_target,Phengaris nausithous
8573992,Phengaris teleius,EVL_target,Phengaris nausithous
7945289,Phengaris teleius,EVL_target,Phengaris nausithous
7945289,Phengaris teleius,EVL_target,Phengaris nausithous
7945289,Phengaris teleius,EVL_target,Phengaris nausithous
7945289,Phengaris teleius,EVL_target,Phengaris nausithous
7775042,Phengaris teleius,EVL_target,Phengaris nausithous
7774911,Phengaris teleius,EVL_target,Phengaris nausithous
7774910,Phengaris teleius,EVL_target,Phengaris nausithous
7774909,Phengaris teleius,EVL_target,Phengaris nausithous
7774908,Phengaris teleius,EVL_target,Phengaris nausithous
7774907,Phengaris teleius,EVL_target,Phengaris nausithous
7774906,Phengaris teleius,EVL_target,Phengaris nausithous
7774905,Phengaris teleius,EVL_target,Phengaris nausithous
7774904,Phengaris teleius,EVL_target,Phengaris nausithous
7774903,Phengaris teleius,EVL_target,Phengaris nausithous
7640209,Phengaris teleius,EVL_target,Phengaris nausithous
7584357,Phengaris teleius,EVL_target,Phengaris nausithous
7187078,Phengaris teleius,EVL_target,Phengaris nausithous
7187077,Phengaris teleius,EVL_target,Phengaris nausithous
7187034,Phengaris teleius,EVL_target,Phengaris nausithous
7187033,Phengaris teleius,EVL_target,Phengaris nausithous
7187032,Phengaris teleius,EVL_target,Phengaris nausithous
8238087,Phengaris nausithous,EVL_target,Phengaris nausithous
8238705,Phengaris nausithous,EVL_target,Phengaris nausithous
7778073,Phengaris nausithous,EVL_target,Phengaris nausithous
7778073,Phengaris nausithous,EVL_target,Phengaris nausithous
7555293,Phengaris nausithous,EVL_target,Phengaris nausithous
7533633,Phengaris nausithous,EVL_target,Phengaris nausithous
7449338,Phengaris nausithous,EVL_target,Phengaris nausithous
7322889,Phengaris nausithous,EVL_target,Phengaris nausithous
7187051,Phengaris nausithous,EVL_target,Phengaris nausithous
12692319,Phengaris teleius,EVL_target,Phengaris nausithous
8616422,Phengaris teleius,EVL_target,Phengaris nausithous
8238633,Phengaris teleius,EVL_target,Phengaris nausithous
7965293,Phengaris teleius,EVL_target,Phengaris nausithous
7778073,Phengaris teleius,EVL_target,Phengaris nausithous
7778073,Phengaris teleius,EVL_target,Phengaris nausithous
7775518,Phengaris teleius,EVL_target,Phengaris nausithous
7774117,Phengaris teleius,EVL_target,Phengaris nausithous
7322889,Phengaris teleius,EVL_target,Phengaris nausithous
7316825,Phengaris teleius,EVL_target,Phengaris nausithous
7187042,Phengaris teleius,EVL_target,Phengaris nausithous
7026236,Phengaris teleius,EVL_target,Phengaris nausithous
6957005,Phengaris teleius,EVL_target,Phengaris nausithous
10108193,Phengaris nausithous,EVL_target,Phengaris nausithous
12692570,Phengaris nausithous,EVL_target,Phengaris nausithous
12692549,Phengaris nausithous,EVL_target,Phengaris nausithous
9362394,Phengaris nausithous,EVL_target,Phengaris nausithous
9361638,Phengaris nausithous,EVL_target,Phengaris nausithous
9305469,Phengaris nausithous,EVL_target,Phengaris nausithous
9305469,Phengaris nausithous,EVL_target,Phengaris nausithous
12692571,Phengaris teleius,EVL_target,Phengaris nausithous
12692570,Phengaris teleius,EVL_target,Phengaris nausithous
9362394,Phengaris teleius,EVL_target,Phengaris nausithous
9361638,Phengaris teleius,EVL_target,Phengaris nausithous
9305469,Phengaris teleius,EVL_target,Phengaris nausithous
9305468,Phengaris teleius,EVL_target,Phengaris nausithous
8352568,Phengaris nausithous,EVL_target,Phengaris nausithous
12671906,Phengaris nausithous,EVL_target,Phengaris nausithous
12672077,Phengaris nausithous,EVL_target,Phengaris nausithous
12672007,Phengaris nausithous,EVL_target,Phengaris nausithous
12671250,Phengaris nausithous,EVL_target,Phengaris nausithous
12671813,Phengaris nausithous,EVL_target,Phengaris nausithous
12671218,Phengaris nausithous,EVL_target,Phengaris nausithous
11947099,Phengaris nausithous,EVL_target,Phengaris nausithous
10083261,Phengaris nausithous,EVL_target,Phengaris nausithous
7587704,Phengaris nausithous,EVL_target,Phengaris nausithous
7549386,Phengaris nausithous,EVL_target,Phengaris nausithous
7540301,Phengaris nausithous,EVL_target,Phengaris nausithous
7540443,Phengaris nausithous,EVL_target,Phengaris nausithous
7540436,Phengaris nausithous,EVL_target,Phengaris nausithous
7540435,Phengaris nausithous,EVL_target,Phengaris nausithous
7187684,Phengaris nausithous,EVL_target,Phengaris nausithous
7187682,Phengaris nausithous,EVL_target,Phengaris nausithous
7187681,Phengaris nausithous,EVL_target,Phengaris nausithous
7187680,Phengaris nausithous,EVL_target,Phengaris nausithous
7187679,Phengaris nausithous,EVL_target,Phengaris nausithous
7187677,Phengaris nausithous,EVL_target,Phengaris nausithous
7187673,Phengaris nausithous,EVL_target,Phengaris nausithous
7187672,Phengaris nausithous,EVL_target,Phengaris nausithous
7187671,Phengaris nausithous,EVL_target,Phengaris nausithous
7187634,Phengaris nausithous,EVL_target,Phengaris nausithous
7187632,Phengaris nausithous,EVL_target,Phengaris nausithous
7187622,Phengaris nausithous,EVL_target,Phengaris nausithous
7187621,Phengaris nausithous,EVL_target,Phengaris nausithous
7187620,Phengaris nausithous,EVL_target,Phengaris nausithous
7187619,Phengaris nausithous,EVL_target,Phengaris nausithous
7187618,Phengaris nausithous,EVL_target,Phengaris nausithous
7187617,Phengaris nausithous,EVL_target,Phengaris nausithous
7187616,Phengaris nausithous,EVL_target,Phengaris nausithous
7187615,Phengaris nausithous,EVL_target,Phengaris nausithous
7187614,Phengaris nausithous,EVL_target,Phengaris nausithous
7187556,Phengaris nausithous,EVL_target,Phengaris nausithous
7187552,Phengaris nausithous,EVL_target,Phengaris nausithous
7187550,Phengaris nausithous,EVL_target,Phengaris nausithous
7187549,Phengaris nausithous,EVL_target,Phengaris nausithous
7187548,Phengaris nausithous,EVL_target,Phengaris nausithous
7187547,Phengaris nausithous,EVL_target,Phengaris nausithous
7187547,Phengaris nausithous,EVL_target,Phengaris nausithous
7187546,Phengaris nausithous,EVL_target,Phengaris nausithous
7187545,Phengaris nausithous,EVL_target,Phengaris nausithous
7187544,Phengaris nausithous,EVL_target,Phengaris nausithous
7187541,Phengaris nausithous,EVL_target,Phengaris nausithous
7187540,Phengaris nausithous,EVL_target,Phengaris nausithous
7187539,Phengaris nausithous,EVL_target,Phengaris nausithous
7187538,Phengaris nausithous,EVL_target,Phengaris nausithous
7187510,Phengaris nausithous,EVL_target,Phengaris nausithous
7187509,Phengaris nausithous,EVL_target,Phengaris nausithous
7187508,Phengaris nausithous,EVL_target,Phengaris nausithous
7187507,Phengaris nausithous,EVL_target,Phengaris nausithous
7187506,Phengaris nausithous,EVL_target,Phengaris nausithous
7187505,Phengaris nausithous,EVL_target,Phengaris nausithous
7187450,Phengaris nausithous,EVL_target,Phengaris nausithous
7187446,Phengaris nausithous,EVL_target,Phengaris nausithous
7187403,Phengaris nausithous,EVL_target,Phengaris nausithous
7187398,Phengaris nausithous,EVL_target,Phengaris nausithous
7187397,Phengaris nausithous,EVL_target,Phengaris nausithous
7187306,Phengaris nausithous,EVL_target,Phengaris nausithous
7187301,Phengaris nausithous,EVL_target,Phengaris nausithous
7187298,Phengaris nausithous,EVL_target,Phengaris nausithous
7187294,Phengaris nausithous,EVL_target,Phengaris nausithous
7187284,Phengaris nausithous,EVL_target,Phengaris nausithous
7187283,Phengaris nausithous,EVL_target,Phengaris nausithous
7187283,Phengaris nausithous,EVL_target,Phengaris nausithous
7187011,Phengaris nausithous,EVL_target,Phengaris nausithous
7040848,Phengaris nausithous,EVL_target,Phengaris nausithous
7040722,Phengaris nausithous,EVL_target,Phengaris nausithous
7040719,Phengaris nausithous,EVL_target,Phengaris nausithous
7040708,Phengaris nausithous,EVL_target,Phengaris nausithous
7040704,Phengaris nausithous,EVL_target,Phengaris nausithous
7039046,Phengaris nausithous,EVL_target,Phengaris nausithous
7066628,Phengaris nausithous,EVL_target,Phengaris nausithous
7038154,Phengaris nausithous,EVL_target,Phengaris nausithous
7038113,Phengaris nausithous,EVL_target,Phengaris nausithous
7028567,Phengaris nausithous,EVL_target,Phengaris nausithous
7028564,Phengaris nausithous,EVL_target,Phengaris nausithous
7028536,Phengaris nausithous,EVL_target,Phengaris nausithous
7028533,Phengaris nausithous,EVL_target,Phengaris nausithous
7028529,Phengaris nausithous,EVL_target,Phengaris nausithous
11947131,Phengaris nausithous,EVL_target,Phengaris nausithous
8106643,Phengaris nausithous,EVL_target,Phengaris nausithous
12671992,Phengaris nausithous,EVL_target,Phengaris nausithous
12670911,Phengaris nausithous,EVL_target,Phengaris nausithous
12670955,Phengaris nausithous,EVL_target,Phengaris nausithous
12671838,Phengaris nausithous,EVL_target,Phengaris nausithous
12671000,Phengaris nausithous,EVL_target,Phengaris nausithous
12672029,Phengaris nausithous,EVL_target,Phengaris nausithous
12671701,Phengaris nausithous,EVL_target,Phengaris nausithous
12671537,Phengaris nausithous,EVL_target,Phengaris nausithous
12671017,Phengaris nausithous,EVL_target,Phengaris nausithous
12671069,Phengaris nausithous,EVL_target,Phengaris nausithous
12671412,Phengaris nausithous,EVL_target,Phengaris nausithous
9922141,Phengaris nausithous,EVL_target,Phengaris nausithous
9496559,Phengaris nausithous,EVL_target,Phengaris nausithous
8770162,Phengaris nausithous,EVL_target,Phengaris nausithous
8648545,Phengaris nausithous,EVL_target,Phengaris nausithous
8578427,Phengaris nausithous,EVL_target,Phengaris nausithous
8475647,Phengaris nausithous,EVL_target,Phengaris nausithous
8318958,Phengaris nausithous,EVL_target,Phengaris nausithous
7954948,Phengaris nausithous,EVL_target,Phengaris nausithous
7774919,Phengaris nausithous,EVL_target,Phengaris nausithous
7774918,Phengaris nausithous,EVL_target,Phengaris nausithous
7187695,Phengaris nausithous,EVL_target,Phengaris nausithous
7187660,Phengaris nausithous,EVL_target,Phengaris nausithous
12671790,Phengaris teleius,EVL_target,Phengaris nausithous
12671411,Phengaris teleius,EVL_target,Phengaris nausithous
12671170,Phengaris teleius,EVL_target,Phengaris nausithous
12672049,Phengaris teleius,EVL_target,Phengaris nausithous
12670940,Phengaris teleius,EVL_target,Phengaris nausithous
12671185,Phengaris teleius,EVL_target,Phengaris nausithous
12671925,Phengaris teleius,EVL_target,Phengaris nausithous
12670899,Phengaris teleius,EVL_target,Phengaris nausithous
12671715,Phengaris teleius,EVL_target,Phengaris nausithous
12671839,Phengaris teleius,EVL_target,Phengaris nausithous
9628708,Phengaris teleius,EVL_target,Phengaris nausithous
9628859,Phengaris teleius,EVL_target,Phengaris nausithous
9496554,Phengaris teleius,EVL_target,Phengaris nausithous
8770163,Phengaris teleius,EVL_target,Phengaris nausithous
8578427,Phengaris teleius,EVL_target,Phengaris nausithous
7774919,Phengaris teleius,EVL_target,Phengaris nausithous
7774918,Phengaris teleius,EVL_target,Phengaris nausithous
9293829,Phengaris nausithous,EVL_target,Phengaris nausithous
8611374,Phengaris nausithous,EVL_target,Phengaris nausithous
8207692,Phengaris nausithous,EVL_target,Phengaris nausithous
8611374,Phengaris teleius,EVL_target,Phengaris nausithous
8393150,Phengaris nausithous,EVL_target,Phengaris nausithous
7039848,Phengaris nausithous,EVL_target,Phengaris nausithous
10505904,Phengaris nausithous,EVL_target,Phengaris nausithous
8624677,Phengaris nausithous,EVL_target,Phengaris nausithous
8624653,Phengaris nausithous,EVL_target,Phengaris nausithous
8624600,Phengaris nausithous,EVL_target,Phengaris nausithous
8624732,Phengaris nausithous,EVL_target,Phengaris nausithous
8624734,Phengaris nausithous,EVL_target,Phengaris nausithous
8624733,Phengaris nausithous,EVL_target,Phengaris nausithous
8624688,Phengaris nausithous,EVL_target,Phengaris nausithous
8624686,Phengaris nausithous,EVL_target,Phengaris nausithous
8624645,Phengaris nausithous,EVL_target,Phengaris nausithous
8624644,Phengaris nausithous,EVL_target,Phengaris nausithous
8624584,Phengaris nausithous,EVL_target,Phengaris nausithous
8624663,Phengaris nausithous,EVL_target,Phengaris nausithous
8624680,Phengaris nausithous,EVL_target,Phengaris nausithous
8624586,Phengaris nausithous,EVL_target,Phengaris nausithous
8624606,Phengaris nausithous,EVL_target,Phengaris nausithous
8624605,Phengaris nausithous,EVL_target,Phengaris nausithous
8093733,Phengaris nausithous,EVL_target,Phengaris nausithous
8093344,Phengaris nausithous,EVL_target,Phengaris nausithous
8093343,Phengaris nausithous,EVL_target,Phengaris nausithous
8093342,Phengaris nausithous,EVL_target,Phengaris nausithous
8093341,Phengaris nausithous,EVL_target,Phengaris nausithous
8093334,Phengaris nausithous,EVL_target,Phengaris nausithous
8093331,Phengaris nausithous,EVL_target,Phengaris nausithous
8093328,Phengaris nausithous,EVL_target,Phengaris nausithous
8093325,Phengaris nausithous,EVL_target,Phengaris nausithous
8093318,Phengaris nausithous,EVL_target,Phengaris nausithous
8093315,Phengaris nausithous,EVL_target,Phengaris nausithous
8093310,Phengaris nausithous,EVL_target,Phengaris nausithous
8093294,Phengaris nausithous,EVL_target,Phengaris nausithous
8093289,Phengaris nausithous,EVL_target,Phengaris nausithous
8093271,Phengaris nausithous,EVL_target,Phengaris nausithous
8093266,Phengaris nausithous,EVL_target,Phengaris nausithous
8093261,Phengaris nausithous,EVL_target,Phengaris nausithous
8093258,Phengaris nausithous,EVL_target,Phengaris nausithous
8093250,Phengaris nausithous,EVL_target,Phengaris nausithous
8093245,Phengaris nausithous,EVL_target,Phengaris nausithous
8093240,Phengaris nausithous,EVL_target,Phengaris nausithous
8093223,Phengaris nausithous,EVL_target,Phengaris nausithous
8093213,Phengaris nausithous,EVL_target,Phengaris nausithous
8093183,Phengaris nausithous,EVL_target,Phengaris nausithous
8093178,Phengaris nausithous,EVL_target,Phengaris nausithous
8093177,Phengaris nausithous,EVL_target,Phengaris nausithous
8093176,Phengaris nausithous,EVL_target,Phengaris nausithous
8093175,Phengaris nausithous,EVL_target,Phengaris nausithous
8093155,Phengaris nausithous,EVL_target,Phengaris nausithous
8093149,Phengaris nausithous,EVL_target,Phengaris nausithous
8093147,Phengaris nausithous,EVL_target,Phengaris nausithous
8093146,Phengaris nausithous,EVL_target,Phengaris nausithous
8093135,Phengaris nausithous,EVL_target,Phengaris nausithous
8093133,Phengaris nausithous,EVL_target,Phengaris nausithous
8093132,Phengaris nausithous,EVL_target,Phengaris nausithous
8093129,Phengaris nausithous,EVL_target,Phengaris nausithous
7961020,Phengaris nausithous,EVL_target,Phengaris nausithous
7961019,Phengaris nausithous,EVL_target,Phengaris nausithous
7961018,Phengaris nausithous,EVL_target,Phengaris nausithous
7961017,Phengaris nausithous,EVL_target,Phengaris nausithous
7961016,Phengaris nausithous,EVL_target,Phengaris nausithous
7961015,Phengaris nausithous,EVL_target,Phengaris nausithous
7960915,Phengaris nausithous,EVL_target,Phengaris nausithous
7960914,Phengaris nausithous,EVL_target,Phengaris nausithous
7548462,Phengaris nausithous,EVL_target,Phengaris nausithous
8624734,Phengaris teleius,EVL_target,Phengaris nausithous
8624627,Phengaris teleius,EVL_target,Phengaris nausithous
8624693,Phengaris teleius,EVL_target,Phengaris nausithous
8093732,Phengaris teleius,EVL_target,Phengaris nausithous
8093731,Phengaris teleius,EVL_target,Phengaris nausithous
8093280,Phengaris teleius,EVL_target,Phengaris nausithous
8093253,Phengaris teleius,EVL_target,Phengaris nausithous
8093220,Phengaris teleius,EVL_target,Phengaris nausithous
8093186,Phengaris teleius,EVL_target,Phengaris nausithous
8093158,Phengaris teleius,EVL_target,Phengaris nausithous
8093152,Phengaris teleius,EVL_target,Phengaris nausithous
8093151,Phengaris teleius,EVL_target,Phengaris nausithous
8093134,Phengaris teleius,EVL_target,Phengaris nausithous
7960913,Phengaris teleius,EVL_target,Phengaris nausithous
10238648,Phengaris nausithous,EVL_target,Phengaris nausithous
10238629,Phengaris nausithous,EVL_target,Phengaris nausithous
10238617,Phengaris nausithous,EVL_target,Phengaris nausithous
10238611,Phengaris nausithous,EVL_target,Phengaris nausithous
10238613,Phengaris nausithous,EVL_target,Phengaris nausithous
10238615,Phengaris nausithous,EVL_target,Phengaris nausithous
8089981,Phengaris nausithous,EVL_target,Phengaris nausithous
8089980,Phengaris nausithous,EVL_target,Phengaris nausithous
8089980,Phengaris teleius,EVL_target,Phengaris nausithous
8574741,Phengaris nausithous,EVL_target,Phengaris nausithous
8573993,Phengaris nausithous,EVL_target,Phengaris nausithous
8199778,Phengaris nausithous,EVL_target,Phengaris nausithous
8199792,Phengaris nausithous,EVL_target,Phengaris nausithous
7547779,Phengaris nausithous,EVL_target,Phengaris nausithous
8271483,Phengaris nausithous,EVL_target,Phengaris nausithous
7958017,Phengaris nausithous,EVL_target,Phengaris nausithous
7070814,Phengaris nausithous,EVL_target,Phengaris nausithous
7070812,Phengaris nausithous,EVL_target,Phengaris nausithous
7070810,Phengaris nausithous,EVL_target,Phengaris nausithous
10101508,Phengaris teleius,EVL_target,Phengaris nausithous
8271483,Phengaris teleius,EVL_target,Phengaris nausithous
8271483,Phengaris teleius,EVL_target,Phengaris nausithous
7958017,Phengaris teleius,EVL_target,Phengaris nausithous
7583538,Phengaris teleius,EVL_target,Phengaris nausithous
7528629,Phengaris teleius,EVL_target,Phengaris nausithous
7070814,Phengaris teleius,EVL_target,Phengaris nausithous
7070812,Phengaris teleius,EVL_target,Phengaris nausithous
7070810,Phengaris teleius,EVL_target,Phengaris nausithous
7070808,Phengaris teleius,EVL_target,Phengaris nausithous
7070807,Phengaris teleius,EVL_target,Phengaris nausithous
7070788,Phengaris teleius,EVL_target,Phengaris nausithous
7070784,Phengaris teleius,EVL_target,Phengaris nausithous
10780819,Phengaris nausithous,EVL_target,Phengaris nausithous
10254090,Phengaris nausithous,EVL_target,Phengaris nausithous
10094137,Phengaris nausithous,EVL_target,Phengaris nausithous
10094136,Phengaris nausithous,EVL_target,Phengaris nausithous
10094135,Phengaris nausithous,EVL_target,Phengaris nausithous
10094133,Phengaris nausithous,EVL_target,Phengaris nausithous
10094130,Phengaris nausithous,EVL_target,Phengaris nausithous
10083254,Phengaris nausithous,EVL_target,Phengaris nausithous
10083252,Phengaris nausithous,EVL_target,Phengaris nausithous
10083264,Phengaris nausithous,EVL_target,Phengaris nausithous
9628710,Phengaris nausithous,EVL_target,Phengaris nausithous
7627936,Phengaris nausithous,EVL_target,Phengaris nausithous
7627893,Phengaris nausithous,EVL_target,Phengaris nausithous
7627932,Phengaris nausithous,EVL_target,Phengaris nausithous
9536256,Phengaris nausithous,EVL_target,Phengaris nausithous
9536254,Phengaris nausithous,EVL_target,Phengaris nausithous
9535886,Phengaris nausithous,EVL_target,Phengaris nausithous
9383232,Phengaris nausithous,EVL_target,Phengaris nausithous
9380467,Phengaris nausithous,EVL_target,Phengaris nausithous
9380438,Phengaris nausithous,EVL_target,Phengaris nausithous
9380382,Phengaris nausithous,EVL_target,Phengaris nausithous
9380380,Phengaris nausithous,EVL_target,Phengaris nausithous
9357654,Phengaris nausithous,EVL_target,Phengaris nausithous
7627893,Phengaris nausithous,EVL_target,Phengaris nausithous
7627932,Phengaris nausithous,EVL_target,Phengaris nausithous
7627936,Phengaris nausithous,EVL_target,Phengaris nausithous
7627936,Phengaris nausithous,EVL_target,Phengaris nausithous
7627932,Phengaris nausithous,EVL_target,Phengaris nausithous
7627893,Phengaris nausithous,EVL_target,Phengaris nausithous
7536842,Phengaris nausithous,EVL_target,Phengaris nausithous
7528457,Phengaris nausithous,EVL_target,Phengaris nausithous
7187757,Phengaris nausithous,EVL_target,Phengaris nausithous
7187723,Phengaris nausithous,EVL_target,Phengaris nausithous
7187717,Phengaris nausithous,EVL_target,Phengaris nausithous
7187296,Phengaris nausithous,EVL_target,Phengaris nausithous
7187145,Phengaris nausithous,EVL_target,Phengaris nausithous
7187145,Phengaris nausithous,EVL_target,Phengaris nausithous
7187144,Phengaris nausithous,EVL_target,Phengaris nausithous
7187143,Phengaris nausithous,EVL_target,Phengaris nausithous
7187143,Phengaris nausithous,EVL_target,Phengaris nausithous
7187007,Phengaris nausithous,EVL_target,Phengaris nausithous
7162519,Phengaris nausithous,EVL_target,Phengaris nausithous
7083667,Phengaris nausithous,EVL_target,Phengaris nausithous
7081806,Phengaris nausithous,EVL_target,Phengaris nausithous
7034885,Phengaris nausithous,EVL_target,Phengaris nausithous
12670947,Phengaris nausithous,EVL_target,Phengaris nausithous
12671082,Phengaris nausithous,EVL_target,Phengaris nausithous
12671736,Phengaris nausithous,EVL_target,Phengaris nausithous
9628787,Phengaris nausithous,EVL_target,Phengaris nausithous
9628783,Phengaris nausithous,EVL_target,Phengaris nausithous
9628791,Phengaris nausithous,EVL_target,Phengaris nausithous
8654080,Phengaris nausithous,EVL_target,Phengaris nausithous
8654078,Phengaris nausithous,EVL_target,Phengaris nausithous
8654077,Phengaris nausithous,EVL_target,Phengaris nausithous
8654075,Phengaris nausithous,EVL_target,Phengaris nausithous
8103568,Phengaris nausithous,EVL_target,Phengaris nausithous
7597569,Phengaris nausithous,EVL_target,Phengaris nausithous
7528658,Phengaris nausithous,EVL_target,Phengaris nausithous
7528657,Phengaris nausithous,EVL_target,Phengaris nausithous
7528657,Phengaris nausithous,EVL_target,Phengaris nausithous
7528656,Phengaris nausithous,EVL_target,Phengaris nausithous
7528652,Phengaris nausithous,EVL_target,Phengaris nausithous
7034848,Phengaris nausithous,EVL_target,Phengaris nausithous
7034876,Phengaris nausithous,EVL_target,Phengaris nausithous
7034875,Phengaris nausithous,EVL_target,Phengaris nausithous
7034874,Phengaris nausithous,EVL_target,Phengaris nausithous
7034873,Phengaris nausithous,EVL_target,Phengaris nausithous
7034266,Phengaris nausithous,EVL_target,Phengaris nausithous
7034276,Phengaris nausithous,EVL_target,Phengaris nausithous
7034270,Phengaris nausithous,EVL_target,Phengaris nausithous
7034271,Phengaris nausithous,EVL_target,Phengaris nausithous
7034270,Phengaris nausithous,EVL_target,Phengaris nausithous
7034269,Phengaris nausithous,EVL_target,Phengaris nausithous
7034267,Phengaris nausithous,EVL_target,Phengaris nausithous
7034266,Phengaris nausithous,EVL_target,Phengaris nausithous
7026229,Phengaris nausithous,EVL_target,Phengaris nausithous
8964897,Phengaris nausithous,EVL_target,Phengaris nausithous
8802286,Phengaris nausithous,EVL_target,Phengaris nausithous
8090730,Phengaris nausithous,EVL_target,Phengaris nausithous
7659567,Phengaris nausithous,EVL_target,Phengaris nausithous
7604988,Phengaris nausithous,EVL_target,Phengaris nausithous
7585878,Phengaris nausithous,EVL_target,Phengaris nausithous
7652825,Phengaris nausithous,EVL_target,Phengaris nausithous
7652825,Phengaris nausithous,EVL_target,Phengaris nausithous
7652825,Phengaris nausithous,EVL_target,Phengaris nausithous
7652825,Phengaris nausithous,EVL_target,Phengaris nausithous
7652825,Phengaris nausithous,EVL_target,Phengaris nausithous
7652831,Phengaris nausithous,EVL_target,Phengaris nausithous
7652831,Phengaris nausithous,EVL_target,Phengaris nausithous
7774773,Phengaris nausithous,EVL_target,Phengaris nausithous
7774772,Phengaris nausithous,EVL_target,Phengaris nausithous
7774675,Phengaris nausithous,EVL_target,Phengaris nausithous
7652831,Phengaris nausithous,EVL_target,Phengaris nausithous
7652825,Phengaris nausithous,EVL_target,Phengaris nausithous
7036064,Phengaris nausithous,EVL_target,Phengaris nausithous
7036062,Phengaris nausithous,EVL_target,Phengaris nausithous
7774773,Phengaris teleius,EVL_target,Phengaris nausithous
7774772,Phengaris teleius,EVL_target,Phengaris nausithous
7774675,Phengaris teleius,EVL_target,Phengaris nausithous
7652835,Phengaris nausithous,EVL_target,Phengaris nausithous
8240965,Phengaris nausithous,EVL_target,Phengaris nausithous
8240965,Phengaris nausithous,EVL_target,Phengaris nausithous
7652835,Phengaris nausithous,EVL_target,Phengaris nausithous
7652835,Phengaris nausithous,EVL_target,Phengaris nausithous
7652835,Phengaris nausithous,EVL_target,Phengaris nausithous
7652835,Phengaris nausithous,EVL_target,Phengaris nausithous
7652835,Phengaris nausithous,EVL_target,Phengaris nausithous
7652835,Phengaris nausithous,EVL_target,Phengaris nausithous
7652835,Phengaris nausithous,EVL_target,Phengaris nausithous
7652835,Phengaris nausithous,EVL_target,Phengaris nausithous
7652835,Phengaris nausithous,EVL_target,Phengaris nausithous
5295187,Phengaris nausithous,EVL_target,Phengaris nausithous
7032584,Phengaris nausithous,EVL_target,Phengaris nausithous
12671176,Phengaris nausithous,EVL_target,Phengaris nausithous
12671594,Phengaris nausithous,EVL_target,Phengaris nausithous
12670965,Phengaris nausithous,EVL_target,Phengaris nausithous
12671351,Phengaris nausithous,EVL_target,Phengaris nausithous
12671914,Phengaris nausithous,EVL_target,Phengaris nausithous
12671174,Phengaris nausithous,EVL_target,Phengaris nausithous
12671344,Phengaris nausithous,EVL_target,Phengaris nausithous
12671238,Phengaris nausithous,EVL_target,Phengaris nausithous
12671205,Phengaris nausithous,EVL_target,Phengaris nausithous
12671561,Phengaris nausithous,EVL_target,Phengaris nausithous
12671808,Phengaris nausithous,EVL_target,Phengaris nausithous
12671327,Phengaris nausithous,EVL_target,Phengaris nausithous
12671973,Phengaris nausithous,EVL_target,Phengaris nausithous
12671709,Phengaris nausithous,EVL_target,Phengaris nausithous
12671283,Phengaris nausithous,EVL_target,Phengaris nausithous
12671948,Phengaris nausithous,EVL_target,Phengaris nausithous
12671599,Phengaris nausithous,EVL_target,Phengaris nausithous
12671527,Phengaris nausithous,EVL_target,Phengaris nausithous
12671546,Phengaris nausithous,EVL_target,Phengaris nausithous
12671449,Phengaris nausithous,EVL_target,Phengaris nausithous
12671877,Phengaris nausithous,EVL_target,Phengaris nausithous
12671765,Phengaris nausithous,EVL_target,Phengaris nausithous
12557172,Phengaris nausithous,EVL_target,Phengaris nausithous
11947062,Phengaris nausithous,EVL_target,Phengaris nausithous
10817887,Phengaris nausithous,EVL_target,Phengaris nausithous
10655853,Phengaris nausithous,EVL_target,Phengaris nausithous
10655853,Phengaris nausithous,EVL_target,Phengaris nausithous
10140717,Phengaris nausithous,EVL_target,Phengaris nausithous
10140716,Phengaris nausithous,EVL_target,Phengaris nausithous
10140715,Phengaris nausithous,EVL_target,Phengaris nausithous
10140714,Phengaris nausithous,EVL_target,Phengaris nausithous
10088954,Phengaris nausithous,EVL_target,Phengaris nausithous
10087714,Phengaris nausithous,EVL_target,Phengaris nausithous
10087713,Phengaris nausithous,EVL_target,Phengaris nausithous
10087710,Phengaris nausithous,EVL_target,Phengaris nausithous
10087709,Phengaris nausithous,EVL_target,Phengaris nausithous
10087708,Phengaris nausithous,EVL_target,Phengaris nausithous
10087707,Phengaris nausithous,EVL_target,Phengaris nausithous
10087706,Phengaris nausithous,EVL_target,Phengaris nausithous
10087701,Phengaris nausithous,EVL_target,Phengaris nausithous
10087698,Phengaris nausithous,EVL_target,Phengaris nausithous
10087696,Phengaris nausithous,EVL_target,Phengaris nausithous
10087695,Phengaris nausithous,EVL_target,Phengaris nausithous
10087694,Phengaris nausithous,EVL_target,Phengaris nausithous
10087693,Phengaris nausithous,EVL_target,Phengaris nausithous
10087688,Phengaris nausithous,EVL_target,Phengaris nausithous
10087687,Phengaris nausithous,EVL_target,Phengaris nausithous
10087686,Phengaris nausithous,EVL_target,Phengaris nausithous
10084639,Phengaris nausithous,EVL_target,Phengaris nausithous
9679802,Phengaris nausithous,EVL_target,Phengaris nausithous
9628750,Phengaris nausithous,EVL_target,Phengaris nausithous
9573555,Phengaris nausithous,EVL_target,Phengaris nausithous
9573555,Phengaris nausithous,EVL_target,Phengaris nausithous
8631724,Phengaris nausithous,EVL_target,Phengaris nausithous
8631719,Phengaris nausithous,EVL_target,Phengaris nausithous
8631713,Phengaris nausithous,EVL_target,Phengaris nausithous
8631705,Phengaris nausithous,EVL_target,Phengaris nausithous
8631703,Phengaris nausithous,EVL_target,Phengaris nausithous
8631702,Phengaris nausithous,EVL_target,Phengaris nausithous
8631699,Phengaris nausithous,EVL_target,Phengaris nausithous
8631697,Phengaris nausithous,EVL_target,Phengaris nausithous
8631695,Phengaris nausithous,EVL_target,Phengaris nausithous
8631694,Phengaris nausithous,EVL_target,Phengaris nausithous
8631693,Phengaris nausithous,EVL_target,Phengaris nausithous
8631691,Phengaris nausithous,EVL_target,Phengaris nausithous
8631690,Phengaris nausithous,EVL_target,Phengaris nausithous
8631688,Phengaris nausithous,EVL_target,Phengaris nausithous
8631686,Phengaris nausithous,EVL_target,Phengaris nausithous
8631686,Phengaris nausithous,EVL_target,Phengaris nausithous
8629366,Phengaris nausithous,EVL_target,Phengaris nausithous
8623564,Phengaris nausithous,EVL_target,Phengaris nausithous
8622497,Phengaris nausithous,EVL_target,Phengaris nausithous
8622494,Phengaris nausithous,EVL_target,Phengaris nausithous
8622493,Phengaris nausithous,EVL_target,Phengaris nausithous
8622492,Phengaris nausithous,EVL_target,Phengaris nausithous
8622491,Phengaris nausithous,EVL_target,Phengaris nausithous
8622489,Phengaris nausithous,EVL_target,Phengaris nausithous
8622484,Phengaris nausithous,EVL_target,Phengaris nausithous
8610669,Phengaris nausithous,EVL_target,Phengaris nausithous
8607655,Phengaris nausithous,EVL_target,Phengaris nausithous
8542713,Phengaris nausithous,EVL_target,Phengaris nausithous
8542709,Phengaris nausithous,EVL_target,Phengaris nausithous
7775093,Phengaris nausithous,EVL_target,Phengaris nausithous
7774707,Phengaris nausithous,EVL_target,Phengaris nausithous
7774704,Phengaris nausithous,EVL_target,Phengaris nausithous
7774703,Phengaris nausithous,EVL_target,Phengaris nausithous
7035570,Phengaris nausithous,EVL_target,Phengaris nausithous
7038646,Phengaris nausithous,EVL_target,Phengaris nausithous
7038289,Phengaris nausithous,EVL_target,Phengaris nausithous
7038280,Phengaris nausithous,EVL_target,Phengaris nausithous
7038277,Phengaris nausithous,EVL_target,Phengaris nausithous
6339865,Phengaris nausithous,EVL_target,Phengaris nausithous
7038265,Phengaris nausithous,EVL_target,Phengaris nausithous
7038263,Phengaris nausithous,EVL_target,Phengaris nausithous
7038262,Phengaris nausithous,EVL_target,Phengaris nausithous
7038260,Phengaris nausithous,EVL_target,Phengaris nausithous
7038259,Phengaris nausithous,EVL_target,Phengaris nausithous
7037476,Phengaris nausithous,EVL_target,Phengaris nausithous
7037473,Phengaris nausithous,EVL_target,Phengaris nausithous
7037472,Phengaris nausithous,EVL_target,Phengaris nausithous
7037467,Phengaris nausithous,EVL_target,Phengaris nausithous
7037463,Phengaris nausithous,EVL_target,Phengaris nausithous
7037434,Phengaris nausithous,EVL_target,Phengaris nausithous
7037432,Phengaris nausithous,EVL_target,Phengaris nausithous
7037430,Phengaris nausithous,EVL_target,Phengaris nausithous
7037429,Phengaris nausithous,EVL_target,Phengaris nausithous
7037428,Phengaris nausithous,EVL_target,Phengaris nausithous
7037426,Phengaris nausithous,EVL_target,Phengaris nausithous
7037425,Phengaris nausithous,EVL_target,Phengaris nausithous
7037363,Phengaris nausithous,EVL_target,Phengaris nausithous
7037356,Phengaris nausithous,EVL_target,Phengaris nausithous
7037355,Phengaris nausithous,EVL_target,Phengaris nausithous
7037340,Phengaris nausithous,EVL_target,Phengaris nausithous
7037338,Phengaris nausithous,EVL_target,Phengaris nausithous
7037335,Phengaris nausithous,EVL_target,Phengaris nausithous
7037332,Phengaris nausithous,EVL_target,Phengaris nausithous
7037329,Phengaris nausithous,EVL_target,Phengaris nausithous
7035580,Phengaris nausithous,EVL_target,Phengaris nausithous
7035570,Phengaris nausithous,EVL_target,Phengaris nausithous
6958036,Phengaris nausithous,EVL_target,Phengaris nausithous
6957731,Phengaris nausithous,EVL_target,Phengaris nausithous
10087685,Phengaris teleius,EVL_target,Phengaris nausithous
7775093,Phengaris teleius,EVL_target,Phengaris nausithous
7774707,Phengaris teleius,EVL_target,Phengaris nausithous
7774704,Phengaris teleius,EVL_target,Phengaris nausithous
7774703,Phengaris teleius,EVL_target,Phengaris nausithous
12671814,Phengaris nausithous,EVL_target,Phengaris nausithous
12671756,Phengaris nausithous,EVL_target,Phengaris nausithous
12671753,Phengaris nausithous,EVL_target,Phengaris nausithous
10680170,Phengaris nausithous,EVL_target,Phengaris nausithous
10651545,Phengaris nausithous,EVL_target,Phengaris nausithous
10651505,Phengaris nausithous,EVL_target,Phengaris nausithous
10651496,Phengaris nausithous,EVL_target,Phengaris nausithous
10651411,Phengaris nausithous,EVL_target,Phengaris nausithous
10651386,Phengaris nausithous,EVL_target,Phengaris nausithous
10651381,Phengaris nausithous,EVL_target,Phengaris nausithous
10651378,Phengaris nausithous,EVL_target,Phengaris nausithous
10651368,Phengaris nausithous,EVL_target,Phengaris nausithous
10651368,Phengaris nausithous,EVL_target,Phengaris nausithous
10643095,Phengaris nausithous,EVL_target,Phengaris nausithous
10643081,Phengaris nausithous,EVL_target,Phengaris nausithous
10095830,Phengaris nausithous,EVL_target,Phengaris nausithous
10095831,Phengaris nausithous,EVL_target,Phengaris nausithous
10085346,Phengaris nausithous,EVL_target,Phengaris nausithous
10085368,Phengaris nausithous,EVL_target,Phengaris nausithous
10085364,Phengaris nausithous,EVL_target,Phengaris nausithous
9680073,Phengaris nausithous,EVL_target,Phengaris nausithous
9680072,Phengaris nausithous,EVL_target,Phengaris nausithous
9680034,Phengaris nausithous,EVL_target,Phengaris nausithous
9680033,Phengaris nausithous,EVL_target,Phengaris nausithous
9662527,Phengaris nausithous,EVL_target,Phengaris nausithous
9536081,Phengaris nausithous,EVL_target,Phengaris nausithous
9536080,Phengaris nausithous,EVL_target,Phengaris nausithous
9390033,Phengaris nausithous,EVL_target,Phengaris nausithous
9338552,Phengaris nausithous,EVL_target,Phengaris nausithous
8639652,Phengaris nausithous,EVL_target,Phengaris nausithous
8639669,Phengaris nausithous,EVL_target,Phengaris nausithous
8639668,Phengaris nausithous,EVL_target,Phengaris nausithous
8639525,Phengaris nausithous,EVL_target,Phengaris nausithous
8639603,Phengaris nausithous,EVL_target,Phengaris nausithous
8232269,Phengaris nausithous,EVL_target,Phengaris nausithous
8232267,Phengaris nausithous,EVL_target,Phengaris nausithous
8111324,Phengaris nausithous,EVL_target,Phengaris nausithous
8111333,Phengaris nausithous,EVL_target,Phengaris nausithous
8111289,Phengaris nausithous,EVL_target,Phengaris nausithous
7774852,Phengaris nausithous,EVL_target,Phengaris nausithous
7774843,Phengaris nausithous,EVL_target,Phengaris nausithous
7774829,Phengaris nausithous,EVL_target,Phengaris nausithous
7774828,Phengaris nausithous,EVL_target,Phengaris nausithous
7774826,Phengaris nausithous,EVL_target,Phengaris nausithous
7774824,Phengaris nausithous,EVL_target,Phengaris nausithous
7774823,Phengaris nausithous,EVL_target,Phengaris nausithous
7612460,Phengaris nausithous,EVL_target,Phengaris nausithous
7597574,Phengaris nausithous,EVL_target,Phengaris nausithous
7597529,Phengaris nausithous,EVL_target,Phengaris nausithous
7597526,Phengaris nausithous,EVL_target,Phengaris nausithous
7595250,Phengaris nausithous,EVL_target,Phengaris nausithous
7595398,Phengaris nausithous,EVL_target,Phengaris nausithous
7595397,Phengaris nausithous,EVL_target,Phengaris nausithous
7595392,Phengaris nausithous,EVL_target,Phengaris nausithous
7595322,Phengaris nausithous,EVL_target,Phengaris nausithous
7595321,Phengaris nausithous,EVL_target,Phengaris nausithous
7595286,Phengaris nausithous,EVL_target,Phengaris nausithous
7550670,Phengaris nausithous,EVL_target,Phengaris nausithous
7288923,Phengaris nausithous,EVL_target,Phengaris nausithous
12671927,Phengaris teleius,EVL_target,Phengaris nausithous
12671414,Phengaris teleius,EVL_target,Phengaris nausithous
12670890,Phengaris teleius,EVL_target,Phengaris nausithous
10651539,Phengaris teleius,EVL_target,Phengaris nausithous
10651529,Phengaris teleius,EVL_target,Phengaris nausithous
10651526,Phengaris teleius,EVL_target,Phengaris nausithous
10651512,Phengaris teleius,EVL_target,Phengaris nausithous
10651510,Phengaris teleius,EVL_target,Phengaris nausithous
10651508,Phengaris teleius,EVL_target,Phengaris nausithous
10651507,Phengaris teleius,EVL_target,Phengaris nausithous
10651506,Phengaris teleius,EVL_target,Phengaris nausithous
10651505,Phengaris teleius,EVL_target,Phengaris nausithous
10651504,Phengaris teleius,EVL_target,Phengaris nausithous
10651499,Phengaris teleius,EVL_target,Phengaris nausithous
10651499,Phengaris teleius,EVL_target,Phengaris nausithous
10651499,Phengaris teleius,EVL_target,Phengaris nausithous
10651491,Phengaris teleius,EVL_target,Phengaris nausithous
10651491,Phengaris teleius,EVL_target,Phengaris nausithous
10651491,Phengaris teleius,EVL_target,Phengaris nausithous
10651486,Phengaris teleius,EVL_target,Phengaris nausithous
10651396,Phengaris teleius,EVL_target,Phengaris nausithous
10651389,Phengaris teleius,EVL_target,Phengaris nausithous
10651386,Phengaris teleius,EVL_target,Phengaris nausithous
10651386,Phengaris teleius,EVL_target,Phengaris nausithous
10651381,Phengaris teleius,EVL_target,Phengaris nausithous
10651370,Phengaris teleius,EVL_target,Phengaris nausithous
10651368,Phengaris teleius,EVL_target,Phengaris nausithous
10643166,Phengaris teleius,EVL_target,Phengaris nausithous
10643145,Phengaris teleius,EVL_target,Phengaris nausithous
10643130,Phengaris teleius,EVL_target,Phengaris nausithous
10643129,Phengaris teleius,EVL_target,Phengaris nausithous
10643102,Phengaris teleius,EVL_target,Phengaris nausithous
10643095,Phengaris teleius,EVL_target,Phengaris nausithous
10643092,Phengaris teleius,EVL_target,Phengaris nausithous
10643081,Phengaris teleius,EVL_target,Phengaris nausithous
10095830,Phengaris teleius,EVL_target,Phengaris nausithous
10095831,Phengaris teleius,EVL_target,Phengaris nausithous
10085346,Phengaris teleius,EVL_target,Phengaris nausithous
10085368,Phengaris teleius,EVL_target,Phengaris nausithous
10085364,Phengaris teleius,EVL_target,Phengaris nausithous
9680073,Phengaris teleius,EVL_target,Phengaris nausithous
9680072,Phengaris teleius,EVL_target,Phengaris nausithous
9680034,Phengaris teleius,EVL_target,Phengaris nausithous
9680033,Phengaris teleius,EVL_target,Phengaris nausithous
9680005,Phengaris teleius,EVL_target,Phengaris nausithous
9680004,Phengaris teleius,EVL_target,Phengaris nausithous
9662527,Phengaris teleius,EVL_target,Phengaris nausithous
9536146,Phengaris teleius,EVL_target,Phengaris nausithous
9535929,Phengaris teleius,EVL_target,Phengaris nausithous
9535928,Phengaris teleius,EVL_target,Phengaris nausithous
9390033,Phengaris teleius,EVL_target,Phengaris nausithous
9390031,Phengaris teleius,EVL_target,Phengaris nausithous
9338445,Phengaris teleius,EVL_target,Phengaris nausithous
8639652,Phengaris teleius,EVL_target,Phengaris nausithous
8639669,Phengaris teleius,EVL_target,Phengaris nausithous
8639525,Phengaris teleius,EVL_target,Phengaris nausithous
8639603,Phengaris teleius,EVL_target,Phengaris nausithous
8609230,Phengaris teleius,EVL_target,Phengaris nausithous
8303202,Phengaris teleius,EVL_target,Phengaris nausithous
8232267,Phengaris teleius,EVL_target,Phengaris nausithous
8111324,Phengaris teleius,EVL_target,Phengaris nausithous
8111333,Phengaris teleius,EVL_target,Phengaris nausithous
8111289,Phengaris teleius,EVL_target,Phengaris nausithous
7814735,Phengaris teleius,EVL_target,Phengaris nausithous
7774852,Phengaris teleius,EVL_target,Phengaris nausithous
7774843,Phengaris teleius,EVL_target,Phengaris nausithous
7774829,Phengaris teleius,EVL_target,Phengaris nausithous
7774828,Phengaris teleius,EVL_target,Phengaris nausithous
7774826,Phengaris teleius,EVL_target,Phengaris nausithous
7774824,Phengaris teleius,EVL_target,Phengaris nausithous
7774823,Phengaris teleius,EVL_target,Phengaris nausithous
7595248,Phengaris teleius,EVL_target,Phengaris nausithous
7595248,Phengaris teleius,EVL_target,Phengaris nausithous
7595338,Phengaris teleius,EVL_target,Phengaris nausithous
7595392,Phengaris teleius,EVL_target,Phengaris nausithous
7595323,Phengaris teleius,EVL_target,Phengaris nausithous
7595322,Phengaris teleius,EVL_target,Phengaris nausithous
7595321,Phengaris teleius,EVL_target,Phengaris nausithous
7550670,Phengaris teleius,EVL_target,Phengaris nausithous
7288923,Phengaris teleius,EVL_target,Phengaris nausithous
7774991,Phengaris nausithous,EVL_target,Phengaris nausithous
7774822,Phengaris nausithous,EVL_target,Phengaris nausithous
7774991,Phengaris teleius,EVL_target,Phengaris nausithous
7774822,Phengaris teleius,EVL_target,Phengaris nausithous
9628860,Phengaris nausithous,EVL_target,Phengaris nausithous
9628724,Phengaris nausithous,EVL_target,Phengaris nausithous
9628798,Phengaris nausithous,EVL_target,Phengaris nausithous
8770213,Phengaris nausithous,EVL_target,Phengaris nausithous
8770151,Phengaris nausithous,EVL_target,Phengaris nausithous
8770144,Phengaris nausithous,EVL_target,Phengaris nausithous
7187046,Phengaris nausithous,EVL_target,Phengaris nausithous
12672031,Phengaris teleius,EVL_target,Phengaris nausithous
9628755,Phengaris teleius,EVL_target,Phengaris nausithous
9628840,Phengaris teleius,EVL_target,Phengaris nausithous
8770214,Phengaris teleius,EVL_target,Phengaris nausithous
8770152,Phengaris teleius,EVL_target,Phengaris nausithous
8770142,Phengaris teleius,EVL_target,Phengaris nausithous
10092812,Phengaris nausithous,EVL_target,Phengaris nausithous
7591087,Phengaris nausithous,EVL_target,Phengaris nausithous
7591055,Phengaris nausithous,EVL_target,Phengaris nausithous
7591053,Phengaris nausithous,EVL_target,Phengaris nausithous
7591051,Phengaris nausithous,EVL_target,Phengaris nausithous
7591049,Phengaris nausithous,EVL_target,Phengaris nausithous
7591047,Phengaris nausithous,EVL_target,Phengaris nausithous
7591045,Phengaris nausithous,EVL_target,Phengaris nausithous
7591043,Phengaris nausithous,EVL_target,Phengaris nausithous
7591041,Phengaris nausithous,EVL_target,Phengaris nausithous
7313740,Phengaris nausithous,EVL_target,Phengaris nausithous
7034503,Phengaris nausithous,EVL_target,Phengaris nausithous
7781463,Phengaris teleius,EVL_target,Phengaris nausithous
7591086,Phengaris teleius,EVL_target,Phengaris nausithous
7591085,Phengaris teleius,EVL_target,Phengaris nausithous
7591083,Phengaris teleius,EVL_target,Phengaris nausithous
7591080,Phengaris teleius,EVL_target,Phengaris nausithous
7591078,Phengaris teleius,EVL_target,Phengaris nausithous
7591073,Phengaris teleius,EVL_target,Phengaris nausithous
7591059,Phengaris teleius,EVL_target,Phengaris nausithous
7591057,Phengaris teleius,EVL_target,Phengaris nausithous
7591055,Phengaris teleius,EVL_target,Phengaris nausithous
7591053,Phengaris teleius,EVL_target,Phengaris nausithous
7591051,Phengaris teleius,EVL_target,Phengaris nausithous
7591049,Phengaris teleius,EVL_target,Phengaris nausithous
7591047,Phengaris teleius,EVL_target,Phengaris nausithous
7591045,Phengaris teleius,EVL_target,Phengaris nausithous
7591043,Phengaris teleius,EVL_target,Phengaris nausithous
7591041,Phengaris teleius,EVL_target,Phengaris nausithous
7034503,Phengaris teleius,EVL_target,Phengaris nausithous
7581639,Phengaris nausithous,EVL_target,Phengaris nausithous
8271111,Phengaris nausithous,EVL_target,Phengaris nausithous
7767652,Phengaris nausithous,EVL_target,Phengaris nausithous
7767650,Phengaris nausithous,EVL_target,Phengaris nausithous
7587842,Phengaris nausithous,EVL_target,Phengaris nausithous
7540864,Phengaris nausithous,EVL_target,Phengaris nausithous
7540863,Phengaris nausithous,EVL_target,Phengaris nausithous
7185687,Phengaris nausithous,EVL_target,Phengaris nausithous
7185686,Phengaris nausithous,EVL_target,Phengaris nausithous
7185676,Phengaris nausithous,EVL_target,Phengaris nausithous
7767614,Phengaris nausithous,EVL_target,Phengaris nausithous
7540826,Phengaris nausithous,EVL_target,Phengaris nausithous
9372733,Phengaris nausithous,EVL_target,Phengaris nausithous
8122600,Phengaris nausithous,EVL_target,Phengaris nausithous
8113636,Phengaris nausithous,EVL_target,Phengaris nausithous
8113635,Phengaris nausithous,EVL_target,Phengaris nausithous
8095139,Phengaris nausithous,EVL_target,Phengaris nausithous
8094950,Phengaris nausithous,EVL_target,Phengaris nausithous
8094839,Phengaris nausithous,EVL_target,Phengaris nausithous
8094838,Phengaris nausithous,EVL_target,Phengaris nausithous
8094821,Phengaris nausithous,EVL_target,Phengaris nausithous
8094837,Phengaris nausithous,EVL_target,Phengaris nausithous
8090016,Phengaris nausithous,EVL_target,Phengaris nausithous
8090112,Phengaris nausithous,EVL_target,Phengaris nausithous
8090111,Phengaris nausithous,EVL_target,Phengaris nausithous
7032725,Phengaris nausithous,EVL_target,Phengaris nausithous
8113635,Phengaris teleius,EVL_target,Phengaris nausithous
8094839,Phengaris teleius,EVL_target,Phengaris nausithous
8094838,Phengaris teleius,EVL_target,Phengaris nausithous
8094837,Phengaris teleius,EVL_target,Phengaris nausithous
8090016,Phengaris teleius,EVL_target,Phengaris nausithous
8090112,Phengaris teleius,EVL_target,Phengaris nausithous
12671677,Phengaris nausithous,EVL_target,Phengaris nausithous
12670956,Phengaris nausithous,EVL_target,Phengaris nausithous
12672020,Phengaris nausithous,EVL_target,Phengaris nausithous
12671117,Phengaris nausithous,EVL_target,Phengaris nausithous
12671737,Phengaris nausithous,EVL_target,Phengaris nausithous
12671348,Phengaris nausithous,EVL_target,Phengaris nausithous
7587560,Phengaris nausithous,EVL_target,Phengaris nausithous
7587559,Phengaris nausithous,EVL_target,Phengaris nausithous
12671370,Phengaris teleius,EVL_target,Phengaris nausithous
12671742,Phengaris teleius,EVL_target,Phengaris nausithous
12671316,Phengaris teleius,EVL_target,Phengaris nausithous
12671307,Phengaris teleius,EVL_target,Phengaris nausithous
12671555,Phengaris teleius,EVL_target,Phengaris nausithous
12671971,Phengaris teleius,EVL_target,Phengaris nausithous
7775111,Phengaris nausithous,EVL_target,Phengaris nausithous
7774679,Phengaris nausithous,EVL_target,Phengaris nausithous
7604973,Phengaris nausithous,EVL_target,Phengaris nausithous
7604979,Phengaris nausithous,EVL_target,Phengaris nausithous
7604977,Phengaris nausithous,EVL_target,Phengaris nausithous
7775111,Phengaris teleius,EVL_target,Phengaris nausithous
7774679,Phengaris teleius,EVL_target,Phengaris nausithous
8574733,Phengaris nausithous,EVL_target,Phengaris nausithous
8574734,Phengaris teleius,EVL_target,Phengaris nausithous
12671061,Phengaris nausithous,EVL_target,Phengaris nausithous
12671695,Phengaris nausithous,EVL_target,Phengaris nausithous
11947057,Phengaris nausithous,EVL_target,Phengaris nausithous
7187364,Phengaris nausithous,EVL_target,Phengaris nausithous
7187364,Phengaris nausithous,EVL_target,Phengaris nausithous
7291132,Phengaris nausithous,EVL_target,Phengaris nausithous
7187229,Phengaris nausithous,EVL_target,Phengaris nausithous
7774853,Phengaris nausithous,EVL_target,Phengaris teleius
10223487,Phengaris teleius,EVL_target,Phengaris teleius
8655397,Phengaris teleius,EVL_target,Phengaris teleius
7774853,Phengaris teleius,EVL_target,Phengaris teleius
10769669,Phengaris nausithous,EVL_target,Phengaris teleius
10769278,Phengaris nausithous,EVL_target,Phengaris teleius
10769010,Phengaris nausithous,EVL_target,Phengaris teleius
10085372,Phengaris nausithous,EVL_target,Phengaris teleius
9628737,Phengaris nausithous,EVL_target,Phengaris teleius
9487728,Phengaris nausithous,EVL_target,Phengaris teleius
9369755,Phengaris nausithous,EVL_target,Phengaris teleius
9369752,Phengaris nausithous,EVL_target,Phengaris teleius
9367087,Phengaris nausithous,EVL_target,Phengaris teleius
9367086,Phengaris nausithous,EVL_target,Phengaris teleius
9363102,Phengaris nausithous,EVL_target,Phengaris teleius
9363101,Phengaris nausithous,EVL_target,Phengaris teleius
9256858,Phengaris nausithous,EVL_target,Phengaris teleius
9256822,Phengaris nausithous,EVL_target,Phengaris teleius
9256814,Phengaris nausithous,EVL_target,Phengaris teleius
9256831,Phengaris nausithous,EVL_target,Phengaris teleius
9256826,Phengaris nausithous,EVL_target,Phengaris teleius
9256850,Phengaris nausithous,EVL_target,Phengaris teleius
9256813,Phengaris nausithous,EVL_target,Phengaris teleius
9256855,Phengaris nausithous,EVL_target,Phengaris teleius
9256851,Phengaris nausithous,EVL_target,Phengaris teleius
9256817,Phengaris nausithous,EVL_target,Phengaris teleius
9256825,Phengaris nausithous,EVL_target,Phengaris teleius
9256857,Phengaris nausithous,EVL_target,Phengaris teleius
9256839,Phengaris nausithous,EVL_target,Phengaris teleius
9256845,Phengaris nausithous,EVL_target,Phengaris teleius
9256832,Phengaris nausithous,EVL_target,Phengaris teleius
9255475,Phengaris nausithous,EVL_target,Phengaris teleius
9255465,Phengaris nausithous,EVL_target,Phengaris teleius
9255463,Phengaris nausithous,EVL_target,Phengaris teleius
9255470,Phengaris nausithous,EVL_target,Phengaris teleius
9255468,Phengaris nausithous,EVL_target,Phengaris teleius
9255466,Phengaris nausithous,EVL_target,Phengaris teleius
9255471,Phengaris nausithous,EVL_target,Phengaris teleius
9255472,Phengaris nausithous,EVL_target,Phengaris teleius
9255469,Phengaris nausithous,EVL_target,Phengaris teleius
9255476,Phengaris nausithous,EVL_target,Phengaris teleius
9255464,Phengaris nausithous,EVL_target,Phengaris teleius
8799966,Phengaris nausithous,EVL_target,Phengaris teleius
8636968,Phengaris nausithous,EVL_target,Phengaris teleius
8611362,Phengaris nausithous,EVL_target,Phengaris teleius
8574722,Phengaris nausithous,EVL_target,Phengaris teleius
8574721,Phengaris nausithous,EVL_target,Phengaris teleius
8574720,Phengaris nausithous,EVL_target,Phengaris teleius
8574719,Phengaris nausithous,EVL_target,Phengaris teleius
8574718,Phengaris nausithous,EVL_target,Phengaris teleius
8574717,Phengaris nausithous,EVL_target,Phengaris teleius
8574716,Phengaris nausithous,EVL_target,Phengaris teleius
8574715,Phengaris nausithous,EVL_target,Phengaris teleius
8574713,Phengaris nausithous,EVL_target,Phengaris teleius
8574712,Phengaris nausithous,EVL_target,Phengaris teleius
8574711,Phengaris nausithous,EVL_target,Phengaris teleius
8574710,Phengaris nausithous,EVL_target,Phengaris teleius
8574709,Phengaris nausithous,EVL_target,Phengaris teleius
8574708,Phengaris nausithous,EVL_target,Phengaris teleius
8574707,Phengaris nausithous,EVL_target,Phengaris teleius
8574706,Phengaris nausithous,EVL_target,Phengaris teleius
8574705,Phengaris nausithous,EVL_target,Phengaris teleius
8574704,Phengaris nausithous,EVL_target,Phengaris teleius
8574702,Phengaris nausithous,EVL_target,Phengaris teleius
8574701,Phengaris nausithous,EVL_target,Phengaris teleius
8574700,Phengaris nausithous,EVL_target,Phengaris teleius
8574699,Phengaris nausithous,EVL_target,Phengaris teleius
8574697,Phengaris nausithous,EVL_target,Phengaris teleius
8574695,Phengaris nausithous,EVL_target,Phengaris teleius
8574693,Phengaris nausithous,EVL_target,Phengaris teleius
8574692,Phengaris nausithous,EVL_target,Phengaris teleius
8574597,Phengaris nausithous,EVL_target,Phengaris teleius
8307509,Phengaris nausithous,EVL_target,Phengaris teleius
7945289,Phengaris nausithous,EVL_target,Phengaris teleius
7945289,Phengaris nausithous,EVL_target,Phengaris teleius
7945779,Phengaris nausithous,EVL_target,Phengaris teleius
7945309,Phengaris nausithous,EVL_target,Phengaris teleius
7789445,Phengaris nausithous,EVL_target,Phengaris teleius
7775042,Phengaris nausithous,EVL_target,Phengaris teleius
7774988,Phengaris nausithous,EVL_target,Phengaris teleius
7774911,Phengaris nausithous,EVL_target,Phengaris teleius
7774910,Phengaris nausithous,EVL_target,Phengaris teleius
7774909,Phengaris nausithous,EVL_target,Phengaris teleius
7774908,Phengaris nausithous,EVL_target,Phengaris teleius
7774907,Phengaris nausithous,EVL_target,Phengaris teleius
7774906,Phengaris nausithous,EVL_target,Phengaris teleius
7774905,Phengaris nausithous,EVL_target,Phengaris teleius
7774904,Phengaris nausithous,EVL_target,Phengaris teleius
7774903,Phengaris nausithous,EVL_target,Phengaris teleius
7666732,Phengaris nausithous,EVL_target,Phengaris teleius
7639441,Phengaris nausithous,EVL_target,Phengaris teleius
7640209,Phengaris nausithous,EVL_target,Phengaris teleius
7552193,Phengaris nausithous,EVL_target,Phengaris teleius
7187819,Phengaris nausithous,EVL_target,Phengaris teleius
7187818,Phengaris nausithous,EVL_target,Phengaris teleius
7187503,Phengaris nausithous,EVL_target,Phengaris teleius
7187502,Phengaris nausithous,EVL_target,Phengaris teleius
7187501,Phengaris nausithous,EVL_target,Phengaris teleius
7187500,Phengaris nausithous,EVL_target,Phengaris teleius
7187499,Phengaris nausithous,EVL_target,Phengaris teleius
7187498,Phengaris nausithous,EVL_target,Phengaris teleius
7187497,Phengaris nausithous,EVL_target,Phengaris teleius
7187496,Phengaris nausithous,EVL_target,Phengaris teleius
7187495,Phengaris nausithous,EVL_target,Phengaris teleius
7187494,Phengaris nausithous,EVL_target,Phengaris teleius
7187493,Phengaris nausithous,EVL_target,Phengaris teleius
7187492,Phengaris nausithous,EVL_target,Phengaris teleius
7187243,Phengaris nausithous,EVL_target,Phengaris teleius
7187242,Phengaris nausithous,EVL_target,Phengaris teleius
7187241,Phengaris nausithous,EVL_target,Phengaris teleius
7187240,Phengaris nausithous,EVL_target,Phengaris teleius
7187239,Phengaris nausithous,EVL_target,Phengaris teleius
7187238,Phengaris nausithous,EVL_target,Phengaris teleius
7187237,Phengaris nausithous,EVL_target,Phengaris teleius
7187236,Phengaris nausithous,EVL_target,Phengaris teleius
7187235,Phengaris nausithous,EVL_target,Phengaris teleius
7187234,Phengaris nausithous,EVL_target,Phengaris teleius
7187076,Phengaris nausithous,EVL_target,Phengaris teleius
7187034,Phengaris nausithous,EVL_target,Phengaris teleius
7187033,Phengaris nausithous,EVL_target,Phengaris teleius
7187032,Phengaris nausithous,EVL_target,Phengaris teleius
7187008,Phengaris nausithous,EVL_target,Phengaris teleius
7033055,Phengaris nausithous,EVL_target,Phengaris teleius
7031459,Phengaris nausithous,EVL_target,Phengaris teleius
7031458,Phengaris nausithous,EVL_target,Phengaris teleius
10769276,Phengaris teleius,EVL_target,Phengaris teleius
10769276,Phengaris teleius,EVL_target,Phengaris teleius
10769248,Phengaris teleius,EVL_target,Phengaris teleius
10769252,Phengaris teleius,EVL_target,Phengaris teleius
10769242,Phengaris teleius,EVL_target,Phengaris teleius
10769242,Phengaris teleius,EVL_target,Phengaris teleius
10769232,Phengaris teleius,EVL_target,Phengaris teleius
10769102,Phengaris teleius,EVL_target,Phengaris teleius
10769077,Phengaris teleius,EVL_target,Phengaris teleius
10769010,Phengaris teleius,EVL_target,Phengaris teleius
10769010,Phengaris teleius,EVL_target,Phengaris teleius
10769001,Phengaris teleius,EVL_target,Phengaris teleius
10767894,Phengaris teleius,EVL_target,Phengaris teleius
10691166,Phengaris teleius,EVL_target,Phengaris teleius
10688677,Phengaris teleius,EVL_target,Phengaris teleius
1218356,Phengaris teleius,EVL_target,Phengaris teleius
1218356,Phengaris teleius,EVL_target,Phengaris teleius
1218356,Phengaris teleius,EVL_target,Phengaris teleius
10071663,Phengaris teleius,EVL_target,Phengaris teleius
9369752,Phengaris teleius,EVL_target,Phengaris teleius
9256854,Phengaris teleius,EVL_target,Phengaris teleius
9255474,Phengaris teleius,EVL_target,Phengaris teleius
9255467,Phengaris teleius,EVL_target,Phengaris teleius
9255473,Phengaris teleius,EVL_target,Phengaris teleius
8799966,Phengaris teleius,EVL_target,Phengaris teleius
8799966,Phengaris teleius,EVL_target,Phengaris teleius
8574714,Phengaris teleius,EVL_target,Phengaris teleius
8574703,Phengaris teleius,EVL_target,Phengaris teleius
8574698,Phengaris teleius,EVL_target,Phengaris teleius
8574696,Phengaris teleius,EVL_target,Phengaris teleius
8574694,Phengaris teleius,EVL_target,Phengaris teleius
8574691,Phengaris teleius,EVL_target,Phengaris teleius
8573992,Phengaris teleius,EVL_target,Phengaris teleius
7945289,Phengaris teleius,EVL_target,Phengaris teleius
7945289,Phengaris teleius,EVL_target,Phengaris teleius
7945289,Phengaris teleius,EVL_target,Phengaris teleius
7945289,Phengaris teleius,EVL_target,Phengaris teleius
7775042,Phengaris teleius,EVL_target,Phengaris teleius
7774911,Phengaris teleius,EVL_target,Phengaris teleius
7774910,Phengaris teleius,EVL_target,Phengaris teleius
7774909,Phengaris teleius,EVL_target,Phengaris teleius
7774908,Phengaris teleius,EVL_target,Phengaris teleius
7774907,Phengaris teleius,EVL_target,Phengaris teleius
7774906,Phengaris teleius,EVL_target,Phengaris teleius
7774905,Phengaris teleius,EVL_target,Phengaris teleius
7774904,Phengaris teleius,EVL_target,Phengaris teleius
7774903,Phengaris teleius,EVL_target,Phengaris teleius
7640209,Phengaris teleius,EVL_target,Phengaris teleius
7584357,Phengaris teleius,EVL_target,Phengaris teleius
7187078,Phengaris teleius,EVL_target,Phengaris teleius
7187077,Phengaris teleius,EVL_target,Phengaris teleius
7187034,Phengaris teleius,EVL_target,Phengaris teleius
7187033,Phengaris teleius,EVL_target,Phengaris teleius
7187032,Phengaris teleius,EVL_target,Phengaris teleius
8238087,Phengaris nausithous,EVL_target,Phengaris teleius
8238705,Phengaris nausithous,EVL_target,Phengaris teleius
7778073,Phengaris nausithous,EVL_target,Phengaris teleius
7778073,Phengaris nausithous,EVL_target,Phengaris teleius
7555293,Phengaris nausithous,EVL_target,Phengaris teleius
7533633,Phengaris nausithous,EVL_target,Phengaris teleius
7449338,Phengaris nausithous,EVL_target,Phengaris teleius
7322889,Phengaris nausithous,EVL_target,Phengaris teleius
7187051,Phengaris nausithous,EVL_target,Phengaris teleius
12692319,Phengaris teleius,EVL_target,Phengaris teleius
8616422,Phengaris teleius,EVL_target,Phengaris teleius
8238633,Phengaris teleius,EVL_target,Phengaris teleius
7965293,Phengaris teleius,EVL_target,Phengaris teleius
7778073,Phengaris teleius,EVL_target,Phengaris teleius
7778073,Phengaris teleius,EVL_target,Phengaris teleius
7775518,Phengaris teleius,EVL_target,Phengaris teleius
7774117,Phengaris teleius,EVL_target,Phengaris teleius
7322889,Phengaris teleius,EVL_target,Phengaris teleius
7316825,Phengaris teleius,EVL_target,Phengaris teleius
7187042,Phengaris teleius,EVL_target,Phengaris teleius
7026236,Phengaris teleius,EVL_target,Phengaris teleius
6957005,Phengaris teleius,EVL_target,Phengaris teleius
9235643,Phengaris nausithous,EVL_target,Phengaris teleius
7774900,Phengaris nausithous,EVL_target,Phengaris teleius
7774899,Phengaris nausithous,EVL_target,Phengaris teleius
7774898,Phengaris nausithous,EVL_target,Phengaris teleius
7774897,Phengaris nausithous,EVL_target,Phengaris teleius
7774896,Phengaris nausithous,EVL_target,Phengaris teleius
9361628,Phengaris teleius,EVL_target,Phengaris teleius
7965415,Phengaris teleius,EVL_target,Phengaris teleius
7956005,Phengaris teleius,EVL_target,Phengaris teleius
7956002,Phengaris teleius,EVL_target,Phengaris teleius
7774900,Phengaris teleius,EVL_target,Phengaris teleius
7774899,Phengaris teleius,EVL_target,Phengaris teleius
7774898,Phengaris teleius,EVL_target,Phengaris teleius
7774897,Phengaris teleius,EVL_target,Phengaris teleius
7774896,Phengaris teleius,EVL_target,Phengaris teleius
7187039,Phengaris teleius,EVL_target,Phengaris teleius
7187038,Phengaris teleius,EVL_target,Phengaris teleius
6957772,Phengaris teleius,EVL_target,Phengaris teleius
1835752,Phengaris teleius,EVL_target,Phengaris teleius
6957772,Phengaris teleius,EVL_target,Phengaris teleius
1835752,Phengaris teleius,EVL_target,Phengaris teleius
8352568,Phengaris nausithous,EVL_target,Phengaris teleius
11947131,Phengaris nausithous,EVL_target,Phengaris teleius
8106643,Phengaris nausithous,EVL_target,Phengaris teleius
12671992,Phengaris nausithous,EVL_target,Phengaris teleius
12670911,Phengaris nausithous,EVL_target,Phengaris teleius
12670955,Phengaris nausithous,EVL_target,Phengaris teleius
12671838,Phengaris nausithous,EVL_target,Phengaris teleius
12671000,Phengaris nausithous,EVL_target,Phengaris teleius
12672029,Phengaris nausithous,EVL_target,Phengaris teleius
12671701,Phengaris nausithous,EVL_target,Phengaris teleius
12671537,Phengaris nausithous,EVL_target,Phengaris teleius
12671017,Phengaris nausithous,EVL_target,Phengaris teleius
12671069,Phengaris nausithous,EVL_target,Phengaris teleius
12671412,Phengaris nausithous,EVL_target,Phengaris teleius
9922141,Phengaris nausithous,EVL_target,Phengaris teleius
9496559,Phengaris nausithous,EVL_target,Phengaris teleius
8770162,Phengaris nausithous,EVL_target,Phengaris teleius
8648545,Phengaris nausithous,EVL_target,Phengaris teleius
8578427,Phengaris nausithous,EVL_target,Phengaris teleius
8475647,Phengaris nausithous,EVL_target,Phengaris teleius
8318958,Phengaris nausithous,EVL_target,Phengaris teleius
7954948,Phengaris nausithous,EVL_target,Phengaris teleius
7774919,Phengaris nausithous,EVL_target,Phengaris teleius
7774918,Phengaris nausithous,EVL_target,Phengaris teleius
7187695,Phengaris nausithous,EVL_target,Phengaris teleius
7187660,Phengaris nausithous,EVL_target,Phengaris teleius
12671790,Phengaris teleius,EVL_target,Phengaris teleius
12671411,Phengaris teleius,EVL_target,Phengaris teleius
12671170,Phengaris teleius,EVL_target,Phengaris teleius
12672049,Phengaris teleius,EVL_target,Phengaris teleius
12670940,Phengaris teleius,EVL_target,Phengaris teleius
12671185,Phengaris teleius,EVL_target,Phengaris teleius
12671925,Phengaris teleius,EVL_target,Phengaris teleius
12670899,Phengaris teleius,EVL_target,Phengaris teleius
12671715,Phengaris teleius,EVL_target,Phengaris teleius
12671839,Phengaris teleius,EVL_target,Phengaris teleius
9628708,Phengaris teleius,EVL_target,Phengaris teleius
9628859,Phengaris teleius,EVL_target,Phengaris teleius
9496554,Phengaris teleius,EVL_target,Phengaris teleius
8770163,Phengaris teleius,EVL_target,Phengaris teleius
8578427,Phengaris teleius,EVL_target,Phengaris teleius
7774919,Phengaris teleius,EVL_target,Phengaris teleius
7774918,Phengaris teleius,EVL_target,Phengaris teleius
8393150,Phengaris nausithous,EVL_target,Phengaris teleius
7039848,Phengaris nausithous,EVL_target,Phengaris teleius
8271483,Phengaris nausithous,EVL_target,Phengaris teleius
7958017,Phengaris nausithous,EVL_target,Phengaris teleius
7070814,Phengaris nausithous,EVL_target,Phengaris teleius
7070812,Phengaris nausithous,EVL_target,Phengaris teleius
7070810,Phengaris nausithous,EVL_target,Phengaris teleius
10101508,Phengaris teleius,EVL_target,Phengaris teleius
8271483,Phengaris teleius,EVL_target,Phengaris teleius
8271483,Phengaris teleius,EVL_target,Phengaris teleius
7958017,Phengaris teleius,EVL_target,Phengaris teleius
7583538,Phengaris teleius,EVL_target,Phengaris teleius
7528629,Phengaris teleius,EVL_target,Phengaris teleius
7070814,Phengaris teleius,EVL_target,Phengaris teleius
7070812,Phengaris teleius,EVL_target,Phengaris teleius
7070810,Phengaris teleius,EVL_target,Phengaris teleius
7070808,Phengaris teleius,EVL_target,Phengaris teleius
7070807,Phengaris teleius,EVL_target,Phengaris teleius
7070788,Phengaris teleius,EVL_target,Phengaris teleius
7070784,Phengaris teleius,EVL_target,Phengaris teleius
12671814,Phengaris nausithous,EVL_target,Phengaris teleius
12671756,Phengaris nausithous,EVL_target,Phengaris teleius
12671753,Phengaris nausithous,EVL_target,Phengaris teleius
10680170,Phengaris nausithous,EVL_target,Phengaris teleius
10651545,Phengaris nausithous,EVL_target,Phengaris teleius
10651505,Phengaris nausithous,EVL_target,Phengaris teleius
10651496,Phengaris nausithous,EVL_target,Phengaris teleius
10651411,Phengaris nausithous,EVL_target,Phengaris teleius
10651386,Phengaris nausithous,EVL_target,Phengaris teleius
10651381,Phengaris nausithous,EVL_target,Phengaris teleius
10651378,Phengaris nausithous,EVL_target,Phengaris teleius
10651368,Phengaris nausithous,EVL_target,Phengaris teleius
10651368,Phengaris nausithous,EVL_target,Phengaris teleius
10643095,Phengaris nausithous,EVL_target,Phengaris teleius
10643081,Phengaris nausithous,EVL_target,Phengaris teleius
10095830,Phengaris nausithous,EVL_target,Phengaris teleius
10095831,Phengaris nausithous,EVL_target,Phengaris teleius
10085346,Phengaris nausithous,EVL_target,Phengaris teleius
10085368,Phengaris nausithous,EVL_target,Phengaris teleius
10085364,Phengaris nausithous,EVL_target,Phengaris teleius
9680073,Phengaris nausithous,EVL_target,Phengaris teleius
9680072,Phengaris nausithous,EVL_target,Phengaris teleius
9680034,Phengaris nausithous,EVL_target,Phengaris teleius
9680033,Phengaris nausithous,EVL_target,Phengaris teleius
9662527,Phengaris nausithous,EVL_target,Phengaris teleius
9536081,Phengaris nausithous,EVL_target,Phengaris teleius
9536080,Phengaris nausithous,EVL_target,Phengaris teleius
9390033,Phengaris nausithous,EVL_target,Phengaris teleius
9338552,Phengaris nausithous,EVL_target,Phengaris teleius
8639652,Phengaris nausithous,EVL_target,Phengaris teleius
8639669,Phengaris nausithous,EVL_target,Phengaris teleius
8639668,Phengaris nausithous,EVL_target,Phengaris teleius
8639525,Phengaris nausithous,EVL_target,Phengaris teleius
8639603,Phengaris nausithous,EVL_target,Phengaris teleius
8232269,Phengaris nausithous,EVL_target,Phengaris teleius
8232267,Phengaris nausithous,EVL_target,Phengaris teleius
8111324,Phengaris nausithous,EVL_target,Phengaris teleius
8111333,Phengaris nausithous,EVL_target,Phengaris teleius
8111289,Phengaris nausithous,EVL_target,Phengaris teleius
7774852,Phengaris nausithous,EVL_target,Phengaris teleius
7774843,Phengaris nausithous,EVL_target,Phengaris teleius
7774829,Phengaris nausithous,EVL_target,Phengaris teleius
7774828,Phengaris nausithous,EVL_target,Phengaris teleius
7774826,Phengaris nausithous,EVL_target,Phengaris teleius
7774824,Phengaris nausithous,EVL_target,Phengaris teleius
7774823,Phengaris nausithous,EVL_target,Phengaris teleius
7612460,Phengaris nausithous,EVL_target,Phengaris teleius
7597574,Phengaris nausithous,EVL_target,Phengaris teleius
7597529,Phengaris nausithous,EVL_target,Phengaris teleius
7597526,Phengaris nausithous,EVL_target,Phengaris teleius
7595250,Phengaris nausithous,EVL_target,Phengaris teleius
7595398,Phengaris nausithous,EVL_target,Phengaris teleius
7595397,Phengaris nausithous,EVL_target,Phengaris teleius
7595392,Phengaris nausithous,EVL_target,Phengaris teleius
7595322,Phengaris nausithous,EVL_target,Phengaris teleius
7595321,Phengaris nausithous,EVL_target,Phengaris teleius
7595286,Phengaris nausithous,EVL_target,Phengaris teleius
7550670,Phengaris nausithous,EVL_target,Phengaris teleius
7288923,Phengaris nausithous,EVL_target,Phengaris teleius
12671927,Phengaris teleius,EVL_target,Phengaris teleius
12671414,Phengaris teleius,EVL_target,Phengaris teleius
12670890,Phengaris teleius,EVL_target,Phengaris teleius
10651539,Phengaris teleius,EVL_target,Phengaris teleius
10651529,Phengaris teleius,EVL_target,Phengaris teleius
10651526,Phengaris teleius,EVL_target,Phengaris teleius
10651512,Phengaris teleius,EVL_target,Phengaris teleius
10651510,Phengaris teleius,EVL_target,Phengaris teleius
10651508,Phengaris teleius,EVL_target,Phengaris teleius
10651507,Phengaris teleius,EVL_target,Phengaris teleius
10651506,Phengaris teleius,EVL_target,Phengaris teleius
10651505,Phengaris teleius,EVL_target,Phengaris teleius
10651504,Phengaris teleius,EVL_target,Phengaris teleius
10651499,Phengaris teleius,EVL_target,Phengaris teleius
10651499,Phengaris teleius,EVL_target,Phengaris teleius
10651499,Phengaris teleius,EVL_target,Phengaris teleius
10651491,Phengaris teleius,EVL_target,Phengaris teleius
10651491,Phengaris teleius,EVL_target,Phengaris teleius
10651491,Phengaris teleius,EVL_target,Phengaris teleius
10651486,Phengaris teleius,EVL_target,Phengaris teleius
10651396,Phengaris teleius,EVL_target,Phengaris teleius
10651389,Phengaris teleius,EVL_target,Phengaris teleius
10651386,Phengaris teleius,EVL_target,Phengaris teleius
10651386,Phengaris teleius,EVL_target,Phengaris teleius
10651381,Phengaris teleius,EVL_target,Phengaris teleius
10651370,Phengaris teleius,EVL_target,Phengaris teleius
10651368,Phengaris teleius,EVL_target,Phengaris teleius
10643166,Phengaris teleius,EVL_target,Phengaris teleius
10643145,Phengaris teleius,EVL_target,Phengaris teleius
10643130,Phengaris teleius,EVL_target,Phengaris teleius
10643129,Phengaris teleius,EVL_target,Phengaris teleius
10643102,Phengaris teleius,EVL_target,Phengaris teleius
10643095,Phengaris teleius,EVL_target,Phengaris teleius
10643092,Phengaris teleius,EVL_target,Phengaris teleius
10643081,Phengaris teleius,EVL_target,Phengaris teleius
10095830,Phengaris teleius,EVL_target,Phengaris teleius
10095831,Phengaris teleius,EVL_target,Phengaris teleius
10085346,Phengaris teleius,EVL_target,Phengaris teleius
10085368,Phengaris teleius,EVL_target,Phengaris teleius
10085364,Phengaris teleius,EVL_target,Phengaris teleius
9680073,Phengaris teleius,EVL_target,Phengaris teleius
9680072,Phengaris teleius,EVL_target,Phengaris teleius
9680034,Phengaris teleius,EVL_target,Phengaris teleius
9680033,Phengaris teleius,EVL_target,Phengaris teleius
9680005,Phengaris teleius,EVL_target,Phengaris teleius
9680004,Phengaris teleius,EVL_target,Phengaris teleius
9662527,Phengaris teleius,EVL_target,Phengaris teleius
9536146,Phengaris teleius,EVL_target,Phengaris teleius
9535929,Phengaris teleius,EVL_target,Phengaris teleius
9535928,Phengaris teleius,EVL_target,Phengaris teleius
9390033,Phengaris teleius,EVL_target,Phengaris teleius
9390031,Phengaris teleius,EVL_target,Phengaris teleius
9338445,Phengaris teleius,EVL_target,Phengaris teleius
8639652,Phengaris teleius,EVL_target,Phengaris teleius
8639669,Phengaris teleius,EVL_target,Phengaris teleius
8639525,Phengaris teleius,EVL_target,Phengaris teleius
8639603,Phengaris teleius,EVL_target,Phengaris teleius
8609230,Phengaris teleius,EVL_target,Phengaris teleius
8303202,Phengaris teleius,EVL_target,Phengaris teleius
8232267,Phengaris teleius,EVL_target,Phengaris teleius
8111324,Phengaris teleius,EVL_target,Phengaris teleius
8111333,Phengaris teleius,EVL_target,Phengaris teleius
8111289,Phengaris teleius,EVL_target,Phengaris teleius
7814735,Phengaris teleius,EVL_target,Phengaris teleius
7774852,Phengaris teleius,EVL_target,Phengaris teleius
7774843,Phengaris teleius,EVL_target,Phengaris teleius
7774829,Phengaris teleius,EVL_target,Phengaris teleius
7774828,Phengaris teleius,EVL_target,Phengaris teleius
7774826,Phengaris teleius,EVL_target,Phengaris teleius
7774824,Phengaris teleius,EVL_target,Phengaris teleius
7774823,Phengaris teleius,EVL_target,Phengaris teleius
7595248,Phengaris teleius,EVL_target,Phengaris teleius
7595248,Phengaris teleius,EVL_target,Phengaris teleius
7595338,Phengaris teleius,EVL_target,Phengaris teleius
7595392,Phengaris teleius,EVL_target,Phengaris teleius
7595323,Phengaris teleius,EVL_target,Phengaris teleius
7595322,Phengaris teleius,EVL_target,Phengaris teleius
7595321,Phengaris teleius,EVL_target,Phengaris teleius
7550670,Phengaris teleius,EVL_target,Phengaris teleius
7288923,Phengaris teleius,EVL_target,Phengaris teleius
7774991,Phengaris nausithous,EVL_target,Phengaris teleius
7774822,Phengaris nausithous,EVL_target,Phengaris teleius
7774991,Phengaris teleius,EVL_target,Phengaris teleius
7774822,Phengaris teleius,EVL_target,Phengaris teleius
8574690,Phengaris nausithous,EVL_target,Phengaris teleius
7774902,Phengaris nausithous,EVL_target,Phengaris teleius
7187035,Phengaris nausithous,EVL_target,Phengaris teleius
8574689,Phengaris teleius,EVL_target,Phengaris teleius
8339988,Phengaris teleius,EVL_target,Phengaris teleius
1011890,Phengaris teleius,EVL_target,Phengaris teleius
7774902,Phengaris teleius,EVL_target,Phengaris teleius
7187035,Phengaris teleius,EVL_target,Phengaris teleius
9628860,Phengaris nausithous,EVL_target,Phengaris teleius
9628724,Phengaris nausithous,EVL_target,Phengaris teleius
9628798,Phengaris nausithous,EVL_target,Phengaris teleius
8770213,Phengaris nausithous,EVL_target,Phengaris teleius
8770151,Phengaris nausithous,EVL_target,Phengaris teleius
8770144,Phengaris nausithous,EVL_target,Phengaris teleius
7187046,Phengaris nausithous,EVL_target,Phengaris teleius
12672031,Phengaris teleius,EVL_target,Phengaris teleius
9628755,Phengaris teleius,EVL_target,Phengaris teleius
9628840,Phengaris teleius,EVL_target,Phengaris teleius
8770214,Phengaris teleius,EVL_target,Phengaris teleius
8770152,Phengaris teleius,EVL_target,Phengaris teleius
8770142,Phengaris teleius,EVL_target,Phengaris teleius
8626318,Phengaris nausithous,EVL_target,Phengaris teleius
7647203,Phengaris nausithous,EVL_target,Phengaris teleius
10092812,Phengaris nausithous,EVL_target,Phengaris teleius
7591087,Phengaris nausithous,EVL_target,Phengaris teleius
7591055,Phengaris nausithous,EVL_target,Phengaris teleius
7591053,Phengaris nausithous,EVL_target,Phengaris teleius
7591051,Phengaris nausithous,EVL_target,Phengaris teleius
7591049,Phengaris nausithous,EVL_target,Phengaris teleius
7591047,Phengaris nausithous,EVL_target,Phengaris teleius
7591045,Phengaris nausithous,EVL_target,Phengaris teleius
7591043,Phengaris nausithous,EVL_target,Phengaris teleius
7591041,Phengaris nausithous,EVL_target,Phengaris teleius
7313740,Phengaris nausithous,EVL_target,Phengaris teleius
7034503,Phengaris nausithous,EVL_target,Phengaris teleius
7781463,Phengaris teleius,EVL_target,Phengaris teleius
7591086,Phengaris teleius,EVL_target,Phengaris teleius
7591085,Phengaris teleius,EVL_target,Phengaris teleius
7591083,Phengaris teleius,EVL_target,Phengaris teleius
7591080,Phengaris teleius,EVL_target,Phengaris teleius
7591078,Phengaris teleius,EVL_target,Phengaris teleius
7591073,Phengaris teleius,EVL_target,Phengaris teleius
7591059,Phengaris teleius,EVL_target,Phengaris teleius
7591057,Phengaris teleius,EVL_target,Phengaris teleius
7591055,Phengaris teleius,EVL_target,Phengaris teleius
7591053,Phengaris teleius,EVL_target,Phengaris teleius
7591051,Phengaris teleius,EVL_target,Phengaris teleius
7591049,Phengaris teleius,EVL_target,Phengaris teleius
7591047,Phengaris teleius,EVL_target,Phengaris teleius
7591045,Phengaris teleius,EVL_target,Phengaris teleius
7591043,Phengaris teleius,EVL_target,Phengaris teleius
7591041,Phengaris teleius,EVL_target,Phengaris teleius
7034503,Phengaris teleius,EVL_target,Phengaris teleius
9372733,Phengaris nausithous,EVL_target,Phengaris teleius
8122600,Phengaris nausithous,EVL_target,Phengaris teleius
8113636,Phengaris nausithous,EVL_target,Phengaris teleius
8113635,Phengaris nausithous,EVL_target,Phengaris teleius
8095139,Phengaris nausithous,EVL_target,Phengaris teleius
8094950,Phengaris nausithous,EVL_target,Phengaris teleius
8094839,Phengaris nausithous,EVL_target,Phengaris teleius
8094838,Phengaris nausithous,EVL_target,Phengaris teleius
8094821,Phengaris nausithous,EVL_target,Phengaris teleius
8094837,Phengaris nausithous,EVL_target,Phengaris teleius
8090016,Phengaris nausithous,EVL_target,Phengaris teleius
8090112,Phengaris nausithous,EVL_target,Phengaris teleius
8090111,Phengaris nausithous,EVL_target,Phengaris teleius
7032725,Phengaris nausithous,EVL_target,Phengaris teleius
8113635,Phengaris teleius,EVL_target,Phengaris teleius
8094839,Phengaris teleius,EVL_target,Phengaris teleius
8094838,Phengaris teleius,EVL_target,Phengaris teleius
8094837,Phengaris teleius,EVL_target,Phengaris teleius
8090016,Phengaris teleius,EVL_target,Phengaris teleius
8090112,Phengaris teleius,EVL_target,Phengaris teleius
8574733,Phengaris nausithous,EVL_target,Phengaris teleius
8574734,Phengaris teleius,EVL_target,Phengaris teleius
12671061,Phengaris nausithous,EVL_target,Phengaris teleius
12671695,Phengaris nausithous,EVL_target,Phengaris teleius
11947057,Phengaris nausithous,EVL_target,Phengaris teleius
7187364,Phengaris nausithous,EVL_target,Phengaris teleius
7187364,Phengaris nausithous,EVL_target,Phengaris teleius
7291132,Phengaris nausithous,EVL_target,Phengaris teleius
12671360,Phengaris nausithous,MZCHU,NA
9628770,Phengaris nausithous,MZCHU,NA
9628836,Phengaris nausithous,MZCHU,NA
9376667,Phengaris nausithous,MZCHU,NA
8769681,Phengaris nausithous,MZCHU,NA
8113206,Phengaris nausithous,MZCHU,NA
12671584,Phengaris teleius,MZCHU,NA
12671470,Phengaris teleius,MZCHU,NA
12672075,Phengaris teleius,MZCHU,NA
9376667,Phengaris teleius,MZCHU,NA
12671975,Phengaris nausithous,MZCHU,NA
12671538,Phengaris nausithous,MZCHU,NA
8475662,Phengaris nausithous,MZCHU,NA
8475661,Phengaris nausithous,MZCHU,NA
7587558,Phengaris nausithous,MZCHU,NA
5360857,Phengaris nausithous,MZCHU,NA
5360857,Phengaris nausithous,MZCHU,NA
7587558,Phengaris teleius,MZCHU,NA
5360857,Phengaris teleius,MZCHU,NA
8574690,Phengaris nausithous,MZCHU,NA
8574688,Phengaris nausithous,MZCHU,NA
7774902,Phengaris nausithous,MZCHU,NA
7774901,Phengaris nausithous,MZCHU,NA
7187036,Phengaris nausithous,MZCHU,NA
7187035,Phengaris nausithous,MZCHU,NA
8574689,Phengaris teleius,MZCHU,NA
8574687,Phengaris teleius,MZCHU,NA
8339988,Phengaris teleius,MZCHU,NA
1011890,Phengaris teleius,MZCHU,NA
7774902,Phengaris teleius,MZCHU,NA
7774901,Phengaris teleius,MZCHU,NA
7187037,Phengaris teleius,MZCHU,NA
7187036,Phengaris teleius,MZCHU,NA
7187035,Phengaris teleius,MZCHU,NA
8769731,Phengaris nausithous,MZCHU,NA
8769739,Phengaris nausithous,MZCHU,NA
7187612,Phengaris nausithous,MZCHU,NA
7187611,Phengaris nausithous,MZCHU,NA
7187610,Phengaris nausithous,MZCHU,NA
8769708,Phengaris teleius,MZCHU,NA
8769695,Phengaris teleius,MZCHU,NA
7628392,Phengaris nausithous,MZCHU,NA
12671102,Phengaris nausithous,MZCHU,NA
12671225,Phengaris teleius,MZCHU,NA
12671975,Phengaris nausithous,MZCHU,NA
12671550,Phengaris nausithous,MZCHU,NA
7187542,Phengaris nausithous,MZCHU,NA
7775139,Phengaris nausithous,MZCHU,NA
7775182,Phengaris teleius,MZCHU,NA
7775198,Phengaris teleius,MZCHU,NA
7775198,Phengaris teleius,MZCHU,NA
7775182,Phengaris teleius,MZCHU,NA
7775161,Phengaris teleius,MZCHU,NA
7963096,Phengaris teleius,MZCHU,NA
10242709,Phengaris nausithous,MZCHU,NA
10242706,Phengaris nausithous,MZCHU,NA
10242704,Phengaris nausithous,MZCHU,NA
9590089,Phengaris nausithous,MZCHU,NA
9590086,Phengaris nausithous,MZCHU,NA
9590084,Phengaris nausithous,MZCHU,NA
9590082,Phengaris nausithous,MZCHU,NA
9590080,Phengaris nausithous,MZCHU,NA
9590075,Phengaris nausithous,MZCHU,NA
9590073,Phengaris nausithous,MZCHU,NA
9378291,Phengaris nausithous,MZCHU,NA
9378285,Phengaris nausithous,MZCHU,NA
8301754,Phengaris nausithous,MZCHU,NA
8090728,Phengaris nausithous,MZCHU,NA
7827991,Phengaris nausithous,MZCHU,NA
7613056,Phengaris nausithous,MZCHU,NA
7613040,Phengaris nausithous,MZCHU,NA
7613039,Phengaris nausithous,MZCHU,NA
7613037,Phengaris nausithous,MZCHU,NA
7555276,Phengaris nausithous,MZCHU,NA
7548464,Phengaris nausithous,MZCHU,NA
7522255,Phengaris nausithous,MZCHU,NA
7522253,Phengaris nausithous,MZCHU,NA
7522251,Phengaris nausithous,MZCHU,NA
7522247,Phengaris nausithous,MZCHU,NA
7522243,Phengaris nausithous,MZCHU,NA
7522241,Phengaris nausithous,MZCHU,NA
7522239,Phengaris nausithous,MZCHU,NA
7522237,Phengaris nausithous,MZCHU,NA
7522233,Phengaris nausithous,MZCHU,NA
7522228,Phengaris nausithous,MZCHU,NA
7522226,Phengaris nausithous,MZCHU,NA
7522221,Phengaris nausithous,MZCHU,NA
7179648,Phengaris nausithous,MZCHU,NA
7034839,Phengaris nausithous,MZCHU,NA
9590092,Phengaris teleius,MZCHU,NA
9590086,Phengaris teleius,MZCHU,NA
9590082,Phengaris teleius,MZCHU,NA
9590080,Phengaris teleius,MZCHU,NA
8321466,Phengaris teleius,MZCHU,NA
7613057,Phengaris teleius,MZCHU,NA
7522247,Phengaris teleius,MZCHU,NA
7522243,Phengaris teleius,MZCHU,NA
7522237,Phengaris teleius,MZCHU,NA
7522233,Phengaris teleius,MZCHU,NA
7522230,Phengaris teleius,MZCHU,NA
7522228,Phengaris teleius,MZCHU,NA
7522226,Phengaris teleius,MZCHU,NA
7522221,Phengaris teleius,MZCHU,NA
12671356,Phengaris nausithous,MZCHU,NA
7187601,Phengaris nausithous,MZCHU,NA
8578543,Phengaris teleius,MZCHU,NA
7614557,Phengaris teleius,MZCHU,NA
7614557,Phengaris teleius,MZCHU,NA
8769705,Phengaris nausithous,MZCHU,NA
7187569,Phengaris nausithous,MZCHU,NA
8769723,Phengaris teleius,MZCHU,NA
7449338,Phengaris nausithous,MZCHU,NA
8616422,Phengaris teleius,MZCHU,NA
12671751,Phengaris nausithous,MZCHU,NA
8574048,Phengaris nausithous,MZCHU,NA
8318957,Phengaris nausithous,MZCHU,NA
7606983,Phengaris nausithous,MZCHU,NA
7606983,Phengaris nausithous,MZCHU,NA
7606983,Phengaris nausithous,MZCHU,NA
7587595,Phengaris nausithous,MZCHU,NA
8318957,Phengaris teleius,MZCHU,NA
7587595,Phengaris teleius,MZCHU,NA
9628940,Phengaris nausithous,MZCHU,NA
9363274,Phengaris nausithous,MZCHU,NA
8642933,Phengaris nausithous,MZCHU,NA
8642940,Phengaris nausithous,MZCHU,NA
8610819,Phengaris nausithous,MZCHU,NA
8610787,Phengaris nausithous,MZCHU,NA
8610785,Phengaris nausithous,MZCHU,NA
8610699,Phengaris nausithous,MZCHU,NA
8610698,Phengaris nausithous,MZCHU,NA
8610697,Phengaris nausithous,MZCHU,NA
8106091,Phengaris nausithous,MZCHU,NA
7543323,Phengaris nausithous,MZCHU,NA
8770208,Phengaris nausithous,MZCHU,NA
8770188,Phengaris nausithous,MZCHU,NA
8770207,Phengaris nausithous,MZCHU,NA
8770205,Phengaris teleius,MZCHU,NA
8770209,Phengaris teleius,MZCHU,NA
8770197,Phengaris teleius,MZCHU,NA
8770191,Phengaris teleius,MZCHU,NA
8770199,Phengaris teleius,MZCHU,NA
10651512,Phengaris teleius,MZCHU,NA
10651504,Phengaris teleius,MZCHU,NA
10651486,Phengaris teleius,MZCHU,NA
9235643,Phengaris nausithous,MZCHU,NA
7956005,Phengaris teleius,MZCHU,NA
7956002,Phengaris teleius,MZCHU,NA
7187039,Phengaris teleius,MZCHU,NA
6957772,Phengaris teleius,MZCHU,NA
6957772,Phengaris teleius,MZCHU,NA
8574741,Phengaris nausithous,MZCHU,NA
8573993,Phengaris nausithous,MZCHU,NA
8199778,Phengaris nausithous,MZCHU,NA
8199792,Phengaris nausithous,MZCHU,NA
7547779,Phengaris nausithous,MZCHU,NA
8764129,Phengaris nausithous,MZCHU,NA
8795105,Phengaris nausithous,MZCHU,NA
7767702,Phengaris nausithous,MZCHU,NA
7587840,Phengaris nausithous,MZCHU,NA
7540914,Phengaris nausithous,MZCHU,NA
10642813,Phengaris nausithous,MZCHU,NA
10085361,Phengaris nausithous,MZCHU,NA
10642813,Phengaris teleius,MZCHU,NA
10085361,Phengaris teleius,MZCHU,NA
8638108,Phengaris teleius,MZCHU,NA
10643166,Phengaris teleius,MZCHU,NA
8609230,Phengaris teleius,MZCHU,NA
12672005,Phengaris nausithous,MZCHU,NA
8264332,Phengaris nausithous,MZCHU,NA
8264318,Phengaris nausithous,MZCHU,NA
8264312,Phengaris nausithous,MZCHU,NA
7775030,Phengaris nausithous,MZCHU,NA
7775030,Phengaris teleius,MZCHU,NA
12671248,Phengaris nausithous,MZCHU,NA
8640872,Phengaris nausithous,MZCHU,NA
7965282,Phengaris nausithous,MZCHU,NA
1011781,Phengaris nausithous,MZCHU,NA
8717144,Phengaris teleius,MZCHU,NA
8640872,Phengaris teleius,MZCHU,NA
7965282,Phengaris teleius,MZCHU,NA
1011781,Phengaris teleius,MZCHU,NA
7036439,Phengaris nausithous,MZCHU,NA
7036439,Phengaris teleius,MZCHU,NA
12671989,Phengaris nausithous,MZCHU,NA
8319029,Phengaris nausithous,MZCHU,NA
8319029,Phengaris teleius,MZCHU,NA
7774718,Phengaris nausithous,MZCHU,NA
7774718,Phengaris teleius,MZCHU,NA
11947106,Phengaris nausithous,MZCHU,NA
7187790,Phengaris nausithous,MZCHU,NA
1011786,Phengaris teleius,MZCHU,NA
1011786,Phengaris teleius,MZCHU,NA
7288923,Phengaris nausithous,MZCHU,NA
7288923,Phengaris teleius,MZCHU,NA
7775035,Phengaris nausithous,MZCHU,NA
7775035,Phengaris teleius,MZCHU,NA
12671565,Phengaris nausithous,MZCHU,NA
9355218,Phengaris teleius,MZCHU,NA
7521240,Phengaris teleius,MZCHU,NA
7518295,Phengaris teleius,MZCHU,NA
11947170,Phengaris nausithous,MZCHU,NA
12671228,Phengaris nausithous,MZCHU,NA
7775110,Phengaris nausithous,MZCHU,NA
7775110,Phengaris teleius,MZCHU,NA
12671232,Phengaris nausithous,MZCHU,NA
7392756,Phengaris teleius,MZCHU,NA
7392756,Phengaris teleius,MZCHU,NA
7547945,Phengaris teleius,MZCHU,NA
7547945,Phengaris teleius,MZCHU,NA
7316868,Phengaris nausithous,MZCHU,NA
7316868,Phengaris nausithous,MZCHU,NA
7392756,Phengaris teleius,MZCHU,NA
8598381,Phengaris teleius,MZCHU,NA
8598531,Phengaris teleius,MZCHU,NA
7392756,Phengaris teleius,MZCHU,NA
7316868,Phengaris teleius,MZCHU,NA
7316865,Phengaris teleius,MZCHU,NA
7187060,Phengaris teleius,MZCHU,NA
7187058,Phengaris teleius,MZCHU,NA
7587782,Phengaris nausithous,MZCHU,NA
8795021,Phengaris nausithous,MZCHU,NA
9255471,Phengaris nausithous,MZCHU,NA
7187076,Phengaris nausithous,MZCHU,NA
7187296,Phengaris nausithous,MZCHU,NA
7083667,Phengaris nausithous,MZCHU,NA
9628710,Phengaris nausithous,MZCHU,NA
9357654,Phengaris nausithous,MZCHU,NA
7187007,Phengaris nausithous,MZCHU,NA
7162519,Phengaris nausithous,MZCHU,NA
12692674,Phengaris nausithous,MZCHU,NA
11133220,Phengaris nausithous,MZCHU,NA
8238279,Phengaris nausithous,MZCHU,NA
7539153,Phengaris nausithous,MZCHU,NA
7555292,Phengaris nausithous,MZCHU,NA
9305865,Phengaris nausithous,MZCHU,NA
8271485,Phengaris nausithous,MZCHU,NA
11071895,Phengaris teleius,MZCHU,NA
9305865,Phengaris teleius,MZCHU,NA
8271485,Phengaris teleius,MZCHU,NA
8956765,Phengaris nausithous,MZCHU,NA
7180056,Phengaris nausithous,MZCHU,NA
8795041,Phengaris teleius,MZCHU,NA
7180056,Phengaris teleius,MZCHU,NA
7958017,Phengaris nausithous,MZCHU,NA
7070814,Phengaris nausithous,MZCHU,NA
7070812,Phengaris nausithous,MZCHU,NA
7070810,Phengaris nausithous,MZCHU,NA
11071898,Phengaris teleius,MZCHU,NA
10101508,Phengaris teleius,MZCHU,NA
7958017,Phengaris teleius,MZCHU,NA
7583538,Phengaris teleius,MZCHU,NA
7528629,Phengaris teleius,MZCHU,NA
7070814,Phengaris teleius,MZCHU,NA
7070812,Phengaris teleius,MZCHU,NA
7070810,Phengaris teleius,MZCHU,NA
7070808,Phengaris teleius,MZCHU,NA
7070788,Phengaris teleius,MZCHU,NA
7180050,Phengaris nausithous,MZCHU,NA
7180050,Phengaris teleius,MZCHU,NA
11071899,Phengaris teleius,MZCHU,NA
7187144,Phengaris nausithous,MZCHU,NA
7081806,Phengaris nausithous,MZCHU,NA
7185782,Phengaris teleius,MZCHU,NA
7539947,Phengaris nausithous,MZCHU,NA
7539947,Phengaris teleius,MZCHU,NA
9382454,Phengaris nausithous,MZCHU,NA
9382454,Phengaris nausithous,MZCHU,NA
12671302,Phengaris nausithous,MZCHU,NA
12671758,Phengaris teleius,MZCHU,NA
10198212,Phengaris nausithous,MZCHU,NA
10198211,Phengaris nausithous,MZCHU,NA
7312205,Phengaris nausithous,MZCHU,NA
7312205,Phengaris nausithous,MZCHU,NA
7587556,Phengaris nausithous,MZCHU,NA
7176104,Phengaris nausithous,MZCHU,NA
7176104,Phengaris teleius,MZCHU,NA
9628872,Phengaris nausithous,MZCHU,NA
7775028,Phengaris nausithous,MZCHU,NA
7775028,Phengaris teleius,MZCHU,NA
7551126,Phengaris nausithous,MZCHU,NA
7538611,Phengaris nausithous,MZCHU,NA
7538609,Phengaris nausithous,MZCHU,NA
7538609,Phengaris teleius,MZCHU,NA
7538527,Phengaris teleius,MZCHU,NA
12671503,Phengaris nausithous,MZCHU,NA
11947133,Phengaris nausithous,MZCHU,NA
10089035,Phengaris nausithous,MZCHU,NA
8196768,Phengaris nausithous,MZCHU,NA
8196768,Phengaris nausithous,MZCHU,NA
8196768,Phengaris nausithous,MZCHU,NA
8196768,Phengaris nausithous,MZCHU,NA
7587555,Phengaris nausithous,MZCHU,NA
7545300,Phengaris nausithous,MZCHU,NA
12671166,Phengaris teleius,MZCHU,NA
11947068,Phengaris teleius,MZCHU,NA
10089035,Phengaris teleius,MZCHU,NA
8196768,Phengaris teleius,MZCHU,NA
8196768,Phengaris teleius,MZCHU,NA
8196768,Phengaris teleius,MZCHU,NA
8196768,Phengaris teleius,MZCHU,NA
8196768,Phengaris teleius,MZCHU,NA
8196768,Phengaris teleius,MZCHU,NA
7544622,Phengaris nausithous,MZCHU,NA
7544621,Phengaris nausithous,MZCHU,NA
11132852,Phengaris nausithous,MZCHU,NA
9591845,Phengaris nausithous,MZCHU,NA
8799414,Phengaris nausithous,MZCHU,NA
8626281,Phengaris nausithous,MZCHU,NA
7634898,Phengaris nausithous,MZCHU,NA
7049652,Phengaris nausithous,MZCHU,NA
11132850,Phengaris teleius,MZCHU,NA
9591846,Phengaris teleius,MZCHU,NA
9352935,Phengaris teleius,MZCHU,NA
8613229,Phengaris teleius,MZCHU,NA
11132851,Phengaris nausithous,MZCHU,NA
9591844,Phengaris nausithous,MZCHU,NA
9352934,Phengaris nausithous,MZCHU,NA
8799413,Phengaris nausithous,MZCHU,NA
8626283,Phengaris nausithous,MZCHU,NA
8613044,Phengaris nausithous,MZCHU,NA
8278082,Phengaris nausithous,MZCHU,NA
8278078,Phengaris nausithous,MZCHU,NA
7609972,Phengaris nausithous,MZCHU,NA
7049654,Phengaris nausithous,MZCHU,NA
11132849,Phengaris teleius,MZCHU,NA
9591847,Phengaris teleius,MZCHU,NA
9352934,Phengaris teleius,MZCHU,NA
8799495,Phengaris teleius,MZCHU,NA
8626165,Phengaris teleius,MZCHU,NA
8613044,Phengaris teleius,MZCHU,NA
8278082,Phengaris teleius,MZCHU,NA
8278082,Phengaris teleius,MZCHU,NA
8278082,Phengaris teleius,MZCHU,NA
8278080,Phengaris teleius,MZCHU,NA
8278078,Phengaris teleius,MZCHU,NA
7609968,Phengaris teleius,MZCHU,NA
7049649,Phengaris teleius,MZCHU,NA
11947117,Phengaris nausithous,MZCHU,NA
11132853,Phengaris nausithous,MZCHU,NA
10155881,Phengaris nausithous,MZCHU,NA
9591843,Phengaris nausithous,MZCHU,NA
8799415,Phengaris nausithous,MZCHU,NA
8626282,Phengaris nausithous,MZCHU,NA
8278052,Phengaris nausithous,MZCHU,NA
8277950,Phengaris nausithous,MZCHU,NA
7609970,Phengaris nausithous,MZCHU,NA
7049653,Phengaris nausithous,MZCHU,NA
11132122,Phengaris teleius,MZCHU,NA
7066171,Phengaris nausithous,MZCHU,NA
7026217,Phengaris nausithous,MZCHU,NA
9359997,Phengaris nausithous,MZCHU,NA
9359995,Phengaris nausithous,MZCHU,NA
9359992,Phengaris nausithous,MZCHU,NA
9359991,Phengaris nausithous,MZCHU,NA
9359990,Phengaris nausithous,MZCHU,NA
7187655,Phengaris nausithous,MZCHU,NA
7066866,Phengaris nausithous,MZCHU,NA
7051542,Phengaris nausithous,MZCHU,NA
7041568,Phengaris nausithous,MZCHU,NA
9359999,Phengaris teleius,MZCHU,NA
9359998,Phengaris teleius,MZCHU,NA
9359997,Phengaris teleius,MZCHU,NA
9359994,Phengaris teleius,MZCHU,NA
9359993,Phengaris teleius,MZCHU,NA
7066866,Phengaris teleius,MZCHU,NA
10101304,Phengaris nausithous,MZCHU,NA
7601433,Phengaris nausithous,MZCHU,NA
7536625,Phengaris nausithous,MZCHU,NA
8120802,Phengaris nausithous,MZCHU,NA
8117718,Phengaris nausithous,MZCHU,NA
7547241,Phengaris nausithous,MZCHU,NA
10080535,Phengaris teleius,MZCHU,NA
8120802,Phengaris teleius,MZCHU,NA
7547241,Phengaris teleius,MZCHU,NA
12672064,Phengaris nausithous,MZCHU,NA
12671635,Phengaris teleius,MZCHU,NA
7035570,Phengaris nausithous,MZCHU,NA
7035570,Phengaris nausithous,MZCHU,NA
8799966,Phengaris nausithous,MZCHU,NA
1218356,Phengaris teleius,MZCHU,NA
1218356,Phengaris teleius,MZCHU,NA
1218356,Phengaris teleius,MZCHU,NA
8799966,Phengaris teleius,MZCHU,NA
8799966,Phengaris teleius,MZCHU,NA
7584357,Phengaris teleius,MZCHU,NA
7187077,Phengaris teleius,MZCHU,NA
10505907,Phengaris nausithous,MZCHU,NA
10505906,Phengaris nausithous,MZCHU,NA
7164046,Phengaris nausithous,MZCHU,NA
7164051,Phengaris nausithous,MZCHU,NA
7164051,Phengaris teleius,MZCHU,NA
7650450,Phengaris nausithous,MZCHU,NA
8641702,Phengaris nausithous,MZCHU,NA
8641703,Phengaris teleius,MZCHU,NA
7775080,Phengaris nausithous,MZCHU,NA
7775080,Phengaris teleius,MZCHU,NA
12671677,Phengaris nausithous,MZCHU,NA
12670956,Phengaris nausithous,MZCHU,NA
12672020,Phengaris nausithous,MZCHU,NA
12671117,Phengaris nausithous,MZCHU,NA
12671737,Phengaris nausithous,MZCHU,NA
12671348,Phengaris nausithous,MZCHU,NA
7587560,Phengaris nausithous,MZCHU,NA
7587559,Phengaris nausithous,MZCHU,NA
12671370,Phengaris teleius,MZCHU,NA
12671742,Phengaris teleius,MZCHU,NA
12671316,Phengaris teleius,MZCHU,NA
12671307,Phengaris teleius,MZCHU,NA
12671555,Phengaris teleius,MZCHU,NA
12671971,Phengaris teleius,MZCHU,NA
7290639,Phengaris nausithous,MZCHU,NA
7547029,Phengaris nausithous,MZCHU,NA
7414609,Phengaris nausithous,MZCHU,NA
7774721,Phengaris nausithous,MZCHU,NA
7774720,Phengaris nausithous,MZCHU,NA
7774721,Phengaris teleius,MZCHU,NA
7774720,Phengaris teleius,MZCHU,NA
7587695,Phengaris nausithous,MZCHU,NA
7312514,Phengaris nausithous,MZCHU,NA
7313610,Phengaris nausithous,MZCHU,NA
12671446,Phengaris nausithous,MZCHU,NA
8956581,Phengaris nausithous,MZCHU,NA
10254090,Phengaris nausithous,MZCHU,NA
8956769,Phengaris nausithous,MZCHU,NA
10505904,Phengaris nausithous,MZCHU,NA
8624677,Phengaris nausithous,MZCHU,NA
8624653,Phengaris nausithous,MZCHU,NA
8624600,Phengaris nausithous,MZCHU,NA
8624732,Phengaris nausithous,MZCHU,NA
8624734,Phengaris nausithous,MZCHU,NA
8624733,Phengaris nausithous,MZCHU,NA
8624688,Phengaris nausithous,MZCHU,NA
8624686,Phengaris nausithous,MZCHU,NA
8624645,Phengaris nausithous,MZCHU,NA
8624644,Phengaris nausithous,MZCHU,NA
8624584,Phengaris nausithous,MZCHU,NA
8624663,Phengaris nausithous,MZCHU,NA
8624680,Phengaris nausithous,MZCHU,NA
8624586,Phengaris nausithous,MZCHU,NA
8624606,Phengaris nausithous,MZCHU,NA
8624605,Phengaris nausithous,MZCHU,NA
8093733,Phengaris nausithous,MZCHU,NA
8093344,Phengaris nausithous,MZCHU,NA
8093343,Phengaris nausithous,MZCHU,NA
8093342,Phengaris nausithous,MZCHU,NA
8093341,Phengaris nausithous,MZCHU,NA
8093334,Phengaris nausithous,MZCHU,NA
8093331,Phengaris nausithous,MZCHU,NA
8093328,Phengaris nausithous,MZCHU,NA
8093325,Phengaris nausithous,MZCHU,NA
8093318,Phengaris nausithous,MZCHU,NA
8093315,Phengaris nausithous,MZCHU,NA
8093310,Phengaris nausithous,MZCHU,NA
8093294,Phengaris nausithous,MZCHU,NA
8093289,Phengaris nausithous,MZCHU,NA
8093271,Phengaris nausithous,MZCHU,NA
8093266,Phengaris nausithous,MZCHU,NA
8093261,Phengaris nausithous,MZCHU,NA
8093258,Phengaris nausithous,MZCHU,NA
8093250,Phengaris nausithous,MZCHU,NA
8093245,Phengaris nausithous,MZCHU,NA
8093240,Phengaris nausithous,MZCHU,NA
8093223,Phengaris nausithous,MZCHU,NA
8093213,Phengaris nausithous,MZCHU,NA
8093183,Phengaris nausithous,MZCHU,NA
8093178,Phengaris nausithous,MZCHU,NA
8093177,Phengaris nausithous,MZCHU,NA
8093176,Phengaris nausithous,MZCHU,NA
8093175,Phengaris nausithous,MZCHU,NA
8093155,Phengaris nausithous,MZCHU,NA
8093149,Phengaris nausithous,MZCHU,NA
8093147,Phengaris nausithous,MZCHU,NA
8093146,Phengaris nausithous,MZCHU,NA
8093135,Phengaris nausithous,MZCHU,NA
8093133,Phengaris nausithous,MZCHU,NA
8093132,Phengaris nausithous,MZCHU,NA
8093129,Phengaris nausithous,MZCHU,NA
7961020,Phengaris nausithous,MZCHU,NA
7961019,Phengaris nausithous,MZCHU,NA
7961018,Phengaris nausithous,MZCHU,NA
7961017,Phengaris nausithous,MZCHU,NA
7961016,Phengaris nausithous,MZCHU,NA
7961015,Phengaris nausithous,MZCHU,NA
7960915,Phengaris nausithous,MZCHU,NA
7960914,Phengaris nausithous,MZCHU,NA
7548462,Phengaris nausithous,MZCHU,NA
8624734,Phengaris teleius,MZCHU,NA
8624627,Phengaris teleius,MZCHU,NA
8624693,Phengaris teleius,MZCHU,NA
8093732,Phengaris teleius,MZCHU,NA
8093731,Phengaris teleius,MZCHU,NA
8093280,Phengaris teleius,MZCHU,NA
8093253,Phengaris teleius,MZCHU,NA
8093220,Phengaris teleius,MZCHU,NA
8093186,Phengaris teleius,MZCHU,NA
8093158,Phengaris teleius,MZCHU,NA
8093152,Phengaris teleius,MZCHU,NA
8093151,Phengaris teleius,MZCHU,NA
8093134,Phengaris teleius,MZCHU,NA
7960913,Phengaris teleius,MZCHU,NA
8393150,Phengaris nausithous,MZCHU,NA
7039848,Phengaris nausithous,MZCHU,NA
8352568,Phengaris nausithous,MZCHU,NA
8964897,Phengaris nausithous,MZCHU,NA
8802286,Phengaris nausithous,MZCHU,NA
8090730,Phengaris nausithous,MZCHU,NA
7659567,Phengaris nausithous,MZCHU,NA
7604988,Phengaris nausithous,MZCHU,NA
7585878,Phengaris nausithous,MZCHU,NA
8574540,Phengaris nausithous,MZCHU,NA
8574539,Phengaris nausithous,MZCHU,NA
7647203,Phengaris nausithous,MZCHU,NA
10094297,Phengaris nausithous,MZCHU,NA
8611983,Phengaris nausithous,MZCHU,NA
8475646,Phengaris nausithous,MZCHU,NA
8475645,Phengaris nausithous,MZCHU,NA
8097068,Phengaris nausithous,MZCHU,NA
7187071,Phengaris nausithous,MZCHU,NA
7038905,Phengaris nausithous,MZCHU,NA
10094297,Phengaris teleius,MZCHU,NA
10070361,Phengaris teleius,MZCHU,NA
8611983,Phengaris teleius,MZCHU,NA
8097068,Phengaris teleius,MZCHU,NA
7556239,Phengaris teleius,MZCHU,NA
8574512,Phengaris nausithous,MZCHU,NA
7774825,Phengaris nausithous,MZCHU,NA
7774825,Phengaris teleius,MZCHU,NA
7652825,Phengaris nausithous,MZCHU,NA
7652825,Phengaris nausithous,MZCHU,NA
7652825,Phengaris nausithous,MZCHU,NA
7652825,Phengaris nausithous,MZCHU,NA
7652825,Phengaris nausithous,MZCHU,NA
7652831,Phengaris nausithous,MZCHU,NA
7652831,Phengaris nausithous,MZCHU,NA
7774773,Phengaris nausithous,MZCHU,NA
7774772,Phengaris nausithous,MZCHU,NA
7774675,Phengaris nausithous,MZCHU,NA
7652831,Phengaris nausithous,MZCHU,NA
7652825,Phengaris nausithous,MZCHU,NA
7036064,Phengaris nausithous,MZCHU,NA
7036062,Phengaris nausithous,MZCHU,NA
7774773,Phengaris teleius,MZCHU,NA
7774772,Phengaris teleius,MZCHU,NA
7774675,Phengaris teleius,MZCHU,NA
7652835,Phengaris nausithous,MZCHU,NA
8240965,Phengaris nausithous,MZCHU,NA
8240965,Phengaris nausithous,MZCHU,NA
7652835,Phengaris nausithous,MZCHU,NA
7652835,Phengaris nausithous,MZCHU,NA
7652835,Phengaris nausithous,MZCHU,NA
7652835,Phengaris nausithous,MZCHU,NA
7652835,Phengaris nausithous,MZCHU,NA
7652835,Phengaris nausithous,MZCHU,NA
7652835,Phengaris nausithous,MZCHU,NA
7652835,Phengaris nausithous,MZCHU,NA
7652835,Phengaris nausithous,MZCHU,NA
5295187,Phengaris nausithous,MZCHU,NA
7032584,Phengaris nausithous,MZCHU,NA
8574267,Phengaris nausithous,MZCHU,NA
8574266,Phengaris nausithous,MZCHU,NA
8110841,Phengaris nausithous,MZCHU,NA
8956734,Phengaris nausithous,MZCHU,NA
8626318,Phengaris nausithous,MZCHU,NA
8574036,Phengaris nausithous,MZCHU,NA
8574035,Phengaris nausithous,MZCHU,NA
7547237,Phengaris nausithous,MZCHU,NA
10080537,Phengaris teleius,MZCHU,NA
9386336,Phengaris teleius,MZCHU,NA
7547238,Phengaris teleius,MZCHU,NA
7034275,Phengaris teleius,MZCHU,NA
12604612,Phengaris nausithous,MZCHU,NA
8574401,Phengaris nausithous,MZCHU,NA
12671015,Phengaris nausithous,MZCHU,NA
12671616,Phengaris teleius,MZCHU,NA
10108193,Phengaris nausithous,MZCHU,NA
11947080,Phengaris nausithous,MZCHU,NA
10682267,Phengaris nausithous,MZCHU,NA
10682267,Phengaris nausithous,MZCHU,NA
10234112,Phengaris nausithous,MZCHU,NA
10234111,Phengaris nausithous,MZCHU,NA
10233632,Phengaris nausithous,MZCHU,NA
8795023,Phengaris nausithous,MZCHU,NA
8558115,Phengaris nausithous,MZCHU,NA
8219513,Phengaris nausithous,MZCHU,NA
7187462,Phengaris nausithous,MZCHU,NA
7187275,Phengaris nausithous,MZCHU,NA
11947167,Phengaris teleius,MZCHU,NA
10682267,Phengaris teleius,MZCHU,NA
10682267,Phengaris teleius,MZCHU,NA
10234112,Phengaris teleius,MZCHU,NA
8795079,Phengaris teleius,MZCHU,NA
8558115,Phengaris teleius,MZCHU,NA
8219513,Phengaris teleius,MZCHU,NA
7187127,Phengaris teleius,MZCHU,NA
7187019,Phengaris teleius,MZCHU,NA
11947131,Phengaris nausithous,MZCHU,NA
8106643,Phengaris nausithous,MZCHU,NA
12670955,Phengaris nausithous,MZCHU,NA
12671838,Phengaris nausithous,MZCHU,NA
12671537,Phengaris nausithous,MZCHU,NA
8648545,Phengaris nausithous,MZCHU,NA
7774918,Phengaris nausithous,MZCHU,NA
7187695,Phengaris nausithous,MZCHU,NA
12671411,Phengaris teleius,MZCHU,NA
12672049,Phengaris teleius,MZCHU,NA
9628859,Phengaris teleius,MZCHU,NA
7774918,Phengaris teleius,MZCHU,NA
9496559,Phengaris nausithous,MZCHU,NA
8578427,Phengaris nausithous,MZCHU,NA
9496554,Phengaris teleius,MZCHU,NA
8578427,Phengaris teleius,MZCHU,NA
10092824,Phengaris nausithous,MZCHU,NA
9353833,Phengaris nausithous,MZCHU,NA
9353831,Phengaris nausithous,MZCHU,NA
7032016,Phengaris nausithous,MZCHU,NA
7032101,Phengaris nausithous,MZCHU,NA
11947126,Phengaris nausithous,MZCHU,NA
8207444,Phengaris nausithous,MZCHU,NA
8207444,Phengaris teleius,MZCHU,NA
8207444,Phengaris teleius,MZCHU,NA
7029597,Phengaris nausithous,MZCHU,NA
7029595,Phengaris nausithous,MZCHU,NA
7581639,Phengaris nausithous,MZCHU,NA
5360857,Phengaris nausithous,MZCHU,NA
5360857,Phengaris nausithous,MZCHU,NA
5360857,Phengaris teleius,MZCHU,NA
7634192,Phengaris nausithous,MZCHU,NA
7601500,Phengaris nausithous,MZCHU,NA
7634192,Phengaris teleius,MZCHU,NA
7601500,Phengaris teleius,MZCHU,NA
8654080,Phengaris nausithous,MZCHU,NA
8654078,Phengaris nausithous,MZCHU,NA
8654077,Phengaris nausithous,MZCHU,NA
8654075,Phengaris nausithous,MZCHU,NA
8103568,Phengaris nausithous,MZCHU,NA
7597569,Phengaris nausithous,MZCHU,NA
7528658,Phengaris nausithous,MZCHU,NA
7528657,Phengaris nausithous,MZCHU,NA
7528657,Phengaris nausithous,MZCHU,NA
7528652,Phengaris nausithous,MZCHU,NA
7034848,Phengaris nausithous,MZCHU,NA
7034875,Phengaris nausithous,MZCHU,NA
7034874,Phengaris nausithous,MZCHU,NA
7034873,Phengaris nausithous,MZCHU,NA
7034276,Phengaris nausithous,MZCHU,NA
7034270,Phengaris nausithous,MZCHU,NA
7034271,Phengaris nausithous,MZCHU,NA
7034270,Phengaris nausithous,MZCHU,NA
7034269,Phengaris nausithous,MZCHU,NA
7034267,Phengaris nausithous,MZCHU,NA
12671432,Phengaris nausithous,MZCHU,NA
12671664,Phengaris nausithous,MZCHU,NA
12671897,Phengaris nausithous,MZCHU,NA
8574120,Phengaris nausithous,MZCHU,NA
8574118,Phengaris nausithous,MZCHU,NA
8574116,Phengaris nausithous,MZCHU,NA
12671746,Phengaris teleius,MZCHU,NA
12671788,Phengaris teleius,MZCHU,NA
8574121,Phengaris teleius,MZCHU,NA
8574119,Phengaris teleius,MZCHU,NA
8574117,Phengaris teleius,MZCHU,NA
10769669,Phengaris nausithous,MZCHU,NA
8574597,Phengaris nausithous,MZCHU,NA
7774903,Phengaris nausithous,MZCHU,NA
7774903,Phengaris teleius,MZCHU,NA
12671768,Phengaris nausithous,MZCHU,NA
12671189,Phengaris nausithous,MZCHU,NA
7187602,Phengaris nausithous,MZCHU,NA
7187567,Phengaris nausithous,MZCHU,NA
7187566,Phengaris nausithous,MZCHU,NA
7537480,Phengaris teleius,MZCHU,NA
12671807,Phengaris nausithous,MZCHU,NA
8574733,Phengaris nausithous,MZCHU,NA
8574734,Phengaris teleius,MZCHU,NA
7187543,Phengaris nausithous,MZCHU,NA
7028525,Phengaris nausithous,MZCHU,NA
7587797,Phengaris nausithous,MZCHU,NA
8271503,Phengaris nausithous,MZCHU,NA
8271501,Phengaris nausithous,MZCHU,NA
9365650,Phengaris nausithous,MZCHU,NA
8598219,Phengaris nausithous,MZCHU,NA
12671762,Phengaris nausithous,MZCHU,NA
7774851,Phengaris nausithous,MZCHU,NA
7774851,Phengaris teleius,MZCHU,NA
12671821,Phengaris nausithous,MZCHU,NA
12672063,Phengaris nausithous,MZCHU,NA
7322855,Phengaris nausithous,MZCHU,NA
7187176,Phengaris nausithous,MZCHU,NA
10036322,Phengaris teleius,MZCHU,NA
10036321,Phengaris teleius,MZCHU,NA
8581276,Phengaris teleius,MZCHU,NA
7314538,Phengaris nausithous,MZCHU,NA
8574557,Phengaris nausithous,MZCHU,NA
8373594,Phengaris nausithous,MZCHU,NA
7652833,Phengaris nausithous,MZCHU,NA
7652833,Phengaris nausithous,MZCHU,NA
7652833,Phengaris nausithous,MZCHU,NA
7652833,Phengaris nausithous,MZCHU,NA
7036059,Phengaris nausithous,MZCHU,NA
12671439,Phengaris nausithous,MZCHU,NA
12671229,Phengaris teleius,MZCHU,NA
10094135,Phengaris nausithous,MZCHU,NA
7627936,Phengaris nausithous,MZCHU,NA
7627893,Phengaris nausithous,MZCHU,NA
7627932,Phengaris nausithous,MZCHU,NA
7627893,Phengaris nausithous,MZCHU,NA
7627932,Phengaris nausithous,MZCHU,NA
7627936,Phengaris nausithous,MZCHU,NA
7627936,Phengaris nausithous,MZCHU,NA
7627932,Phengaris nausithous,MZCHU,NA
7627893,Phengaris nausithous,MZCHU,NA
7774715,Phengaris nausithous,MZCHU,NA
7774715,Phengaris teleius,MZCHU,NA
7774931,Phengaris nausithous,MZCHU,NA
7774931,Phengaris teleius,MZCHU,NA
9394239,Phengaris nausithous,MZCHU,NA
9394239,Phengaris nausithous,MZCHU,NA
7187760,Phengaris nausithous,MZCHU,NA
7187759,Phengaris nausithous,MZCHU,NA
7187302,Phengaris nausithous,MZCHU,NA
8090191,Phengaris nausithous,MZCHU,NA
7945779,Phengaris nausithous,MZCHU,NA
7774683,Phengaris nausithous,MZCHU,NA
7602048,Phengaris nausithous,MZCHU,NA
7774683,Phengaris teleius,MZCHU,NA
12671016,Phengaris nausithous,MZCHU,NA
9628906,Phengaris nausithous,MZCHU,NA
10095116,Phengaris nausithous,MZCHU,NA
10053200,Phengaris nausithous,MZCHU,NA
9378131,Phengaris nausithous,MZCHU,NA
8100226,Phengaris nausithous,MZCHU,NA
8100224,Phengaris nausithous,MZCHU,NA
8100222,Phengaris nausithous,MZCHU,NA
7547021,Phengaris nausithous,MZCHU,NA
7527242,Phengaris nausithous,MZCHU,NA
7616108,Phengaris nausithous,MZCHU,NA
7616086,Phengaris nausithous,MZCHU,NA
7616060,Phengaris nausithous,MZCHU,NA
7547019,Phengaris nausithous,MZCHU,NA
7547018,Phengaris nausithous,MZCHU,NA
7616108,Phengaris teleius,MZCHU,NA
7616086,Phengaris teleius,MZCHU,NA
10642802,Phengaris nausithous,MZCHU,NA
10642802,Phengaris nausithous,MZCHU,NA
10642802,Phengaris teleius,MZCHU,NA
10642802,Phengaris teleius,MZCHU,NA
10651386,Phengaris nausithous,MZCHU,NA
7550670,Phengaris nausithous,MZCHU,NA
10651386,Phengaris teleius,MZCHU,NA
10651386,Phengaris teleius,MZCHU,NA
7550670,Phengaris teleius,MZCHU,NA
10085346,Phengaris nausithous,MZCHU,NA
10651389,Phengaris teleius,MZCHU,NA
10085346,Phengaris teleius,MZCHU,NA
9390031,Phengaris teleius,MZCHU,NA
7438896,Phengaris nausithous,MZCHU,NA
9535854,Phengaris nausithous,MZCHU,NA
9379145,Phengaris nausithous,MZCHU,NA
7966934,Phengaris nausithous,MZCHU,NA
7770883,Phengaris nausithous,MZCHU,NA
7666865,Phengaris nausithous,MZCHU,NA
9536265,Phengaris teleius,MZCHU,NA
9379145,Phengaris teleius,MZCHU,NA
8574046,Phengaris nausithous,MZCHU,NA
8574047,Phengaris teleius,MZCHU,NA
10651529,Phengaris teleius,MZCHU,NA
10651526,Phengaris teleius,MZCHU,NA
9338445,Phengaris teleius,MZCHU,NA
12691881,Phengaris nausithous,MZCHU,NA
1011562,Phengaris nausithous,MZCHU,NA
8769680,Phengaris nausithous,MZCHU,NA
8769733,Phengaris nausithous,MZCHU,NA
8769707,Phengaris nausithous,MZCHU,NA
9628912,Phengaris nausithous,MZCHU,NA
9362715,Phengaris nausithous,MZCHU,NA
8642917,Phengaris nausithous,MZCHU,NA
8574668,Phengaris nausithous,MZCHU,NA
7036443,Phengaris nausithous,MZCHU,NA
7036443,Phengaris teleius,MZCHU,NA
8764111,Phengaris nausithous,MZCHU,NA
8956582,Phengaris nausithous,MZCHU,NA
8574059,Phengaris nausithous,MZCHU,NA
8095244,Phengaris nausithous,MZCHU,NA
8095244,Phengaris nausithous,MZCHU,NA
7587641,Phengaris nausithous,MZCHU,NA
7187303,Phengaris nausithous,MZCHU,NA
8764112,Phengaris nausithous,MZCHU,NA
7675256,Phengaris nausithous,MZCHU,NA
7675248,Phengaris nausithous,MZCHU,NA
8574097,Phengaris nausithous,MZCHU,NA
6545324,Phengaris nausithous,MZCHU,NA
6545279,Phengaris nausithous,MZCHU,NA
6545324,Phengaris nausithous,MZCHU,NA
6545324,Phengaris nausithous,MZCHU,NA
6545324,Phengaris nausithous,MZCHU,NA
6545324,Phengaris nausithous,MZCHU,NA
6545324,Phengaris nausithous,MZCHU,NA
12691873,Phengaris nausithous,MZCHU,NA
7774991,Phengaris nausithous,MZCHU,NA
7774822,Phengaris nausithous,MZCHU,NA
7774991,Phengaris teleius,MZCHU,NA
7774822,Phengaris teleius,MZCHU,NA
7606539,Phengaris nausithous,MZCHU,NA
7606539,Phengaris teleius,MZCHU,NA
8956583,Phengaris nausithous,MZCHU,NA
7775091,Phengaris nausithous,MZCHU,NA
7775090,Phengaris nausithous,MZCHU,NA
7774997,Phengaris nausithous,MZCHU,NA
7775091,Phengaris teleius,MZCHU,NA
7775090,Phengaris teleius,MZCHU,NA
7774997,Phengaris teleius,MZCHU,NA
8271522,Phengaris nausithous,MZCHU,NA
8271522,Phengaris nausithous,MZCHU,NA
7167040,Phengaris nausithous,MZCHU,NA
7167039,Phengaris nausithous,MZCHU,NA
11071891,Phengaris teleius,MZCHU,NA
8795031,Phengaris teleius,MZCHU,NA
8271522,Phengaris teleius,MZCHU,NA
8271522,Phengaris teleius,MZCHU,NA
7167040,Phengaris teleius,MZCHU,NA
7167039,Phengaris teleius,MZCHU,NA
8606990,Phengaris nausithous,MZCHU,NA
7774947,Phengaris nausithous,MZCHU,NA
7774947,Phengaris teleius,MZCHU,NA
9293829,Phengaris nausithous,MZCHU,NA
8611374,Phengaris nausithous,MZCHU,NA
8207692,Phengaris nausithous,MZCHU,NA
8611374,Phengaris teleius,MZCHU,NA
8185983,Phengaris teleius,MZCHU,NA
10769693,Phengaris nausithous,MZCHU,NA
10073058,Phengaris nausithous,MZCHU,NA
9398507,Phengaris nausithous,MZCHU,NA
9344927,Phengaris nausithous,MZCHU,NA
9344926,Phengaris nausithous,MZCHU,NA
9344925,Phengaris nausithous,MZCHU,NA
9344924,Phengaris nausithous,MZCHU,NA
9344922,Phengaris nausithous,MZCHU,NA
9344918,Phengaris nausithous,MZCHU,NA
9343931,Phengaris nausithous,MZCHU,NA
8775733,Phengaris nausithous,MZCHU,NA
8775735,Phengaris nausithous,MZCHU,NA
8775741,Phengaris nausithous,MZCHU,NA
8644315,Phengaris nausithous,MZCHU,NA
8631445,Phengaris nausithous,MZCHU,NA
8631444,Phengaris nausithous,MZCHU,NA
8475656,Phengaris nausithous,MZCHU,NA
8111798,Phengaris nausithous,MZCHU,NA
8098416,Phengaris nausithous,MZCHU,NA
8090830,Phengaris nausithous,MZCHU,NA
8090829,Phengaris nausithous,MZCHU,NA
8090828,Phengaris nausithous,MZCHU,NA
7963109,Phengaris nausithous,MZCHU,NA
7583648,Phengaris nausithous,MZCHU,NA
7549417,Phengaris nausithous,MZCHU,NA
7549413,Phengaris nausithous,MZCHU,NA
7549412,Phengaris nausithous,MZCHU,NA
7544125,Phengaris nausithous,MZCHU,NA
7544108,Phengaris nausithous,MZCHU,NA
7544107,Phengaris nausithous,MZCHU,NA
7544106,Phengaris nausithous,MZCHU,NA
7544105,Phengaris nausithous,MZCHU,NA
7544104,Phengaris nausithous,MZCHU,NA
7532901,Phengaris nausithous,MZCHU,NA
7532900,Phengaris nausithous,MZCHU,NA
7526246,Phengaris nausithous,MZCHU,NA
7526245,Phengaris nausithous,MZCHU,NA
7523445,Phengaris nausithous,MZCHU,NA
7519140,Phengaris nausithous,MZCHU,NA
7519139,Phengaris nausithous,MZCHU,NA
7042941,Phengaris nausithous,MZCHU,NA
7042939,Phengaris nausithous,MZCHU,NA
7042938,Phengaris nausithous,MZCHU,NA
7042937,Phengaris nausithous,MZCHU,NA
7042936,Phengaris nausithous,MZCHU,NA
7040185,Phengaris nausithous,MZCHU,NA
7030780,Phengaris nausithous,MZCHU,NA
7030779,Phengaris nausithous,MZCHU,NA
7030773,Phengaris nausithous,MZCHU,NA
7030772,Phengaris nausithous,MZCHU,NA
7030770,Phengaris nausithous,MZCHU,NA
7027296,Phengaris nausithous,MZCHU,NA
7027295,Phengaris nausithous,MZCHU,NA
7027294,Phengaris nausithous,MZCHU,NA
7027293,Phengaris nausithous,MZCHU,NA
7027287,Phengaris nausithous,MZCHU,NA
7027285,Phengaris nausithous,MZCHU,NA
7024643,Phengaris nausithous,MZCHU,NA
10769693,Phengaris teleius,MZCHU,NA
10073059,Phengaris teleius,MZCHU,NA
10033302,Phengaris teleius,MZCHU,NA
10033300,Phengaris teleius,MZCHU,NA
10033299,Phengaris teleius,MZCHU,NA
9344927,Phengaris teleius,MZCHU,NA
9344926,Phengaris teleius,MZCHU,NA
9344925,Phengaris teleius,MZCHU,NA
9344924,Phengaris teleius,MZCHU,NA
9344923,Phengaris teleius,MZCHU,NA
9344922,Phengaris teleius,MZCHU,NA
9344921,Phengaris teleius,MZCHU,NA
9344917,Phengaris teleius,MZCHU,NA
8775731,Phengaris teleius,MZCHU,NA
8775731,Phengaris teleius,MZCHU,NA
8775733,Phengaris teleius,MZCHU,NA
8775733,Phengaris teleius,MZCHU,NA
8775733,Phengaris teleius,MZCHU,NA
8775741,Phengaris teleius,MZCHU,NA
8775745,Phengaris teleius,MZCHU,NA
8775745,Phengaris teleius,MZCHU,NA
8775745,Phengaris teleius,MZCHU,NA
8775747,Phengaris teleius,MZCHU,NA
8775747,Phengaris teleius,MZCHU,NA
8609053,Phengaris teleius,MZCHU,NA
8609052,Phengaris teleius,MZCHU,NA
7963110,Phengaris teleius,MZCHU,NA
7963108,Phengaris teleius,MZCHU,NA
7963107,Phengaris teleius,MZCHU,NA
7583648,Phengaris teleius,MZCHU,NA
7532901,Phengaris teleius,MZCHU,NA
7523446,Phengaris teleius,MZCHU,NA
7519141,Phengaris teleius,MZCHU,NA
7453044,Phengaris teleius,MZCHU,NA
7027295,Phengaris teleius,MZCHU,NA
9305192,Phengaris teleius,MZCHU,NA
8555258,Phengaris teleius,MZCHU,NA
10142219,Phengaris teleius,MZCHU,NA
8581231,Phengaris nausithous,MZCHU,NA
7538157,Phengaris nausithous,MZCHU,NA
7032876,Phengaris nausithous,MZCHU,NA
9537368,Phengaris nausithous,MZCHU,NA
9537368,Phengaris nausithous,MZCHU,NA
9537366,Phengaris nausithous,MZCHU,NA
9537366,Phengaris nausithous,MZCHU,NA
9537368,Phengaris nausithous,MZCHU,NA
9537368,Phengaris nausithous,MZCHU,NA
9537366,Phengaris nausithous,MZCHU,NA
9537366,Phengaris nausithous,MZCHU,NA
9537282,Phengaris nausithous,MZCHU,NA
9537282,Phengaris nausithous,MZCHU,NA
9537282,Phengaris nausithous,MZCHU,NA
9537282,Phengaris nausithous,MZCHU,NA
9537282,Phengaris nausithous,MZCHU,NA
9537277,Phengaris nausithous,MZCHU,NA
9537277,Phengaris nausithous,MZCHU,NA
9537277,Phengaris nausithous,MZCHU,NA
9537277,Phengaris nausithous,MZCHU,NA
9356836,Phengaris nausithous,MZCHU,NA
7406459,Phengaris nausithous,MZCHU,NA
9537368,Phengaris teleius,MZCHU,NA
9537368,Phengaris teleius,MZCHU,NA
9537366,Phengaris teleius,MZCHU,NA
9537366,Phengaris teleius,MZCHU,NA
9537282,Phengaris teleius,MZCHU,NA
9537282,Phengaris teleius,MZCHU,NA
9537282,Phengaris teleius,MZCHU,NA
9537282,Phengaris teleius,MZCHU,NA
9537282,Phengaris teleius,MZCHU,NA
9537277,Phengaris teleius,MZCHU,NA
9537277,Phengaris teleius,MZCHU,NA
9537277,Phengaris teleius,MZCHU,NA
7406459,Phengaris teleius,MZCHU,NA
10089052,Phengaris nausithous,MZCHU,NA
8959090,Phengaris nausithous,MZCHU,NA
9536899,Phengaris nausithous,MZCHU,NA
9537188,Phengaris nausithous,MZCHU,NA
9536899,Phengaris teleius,MZCHU,NA
9537188,Phengaris teleius,MZCHU,NA
9537188,Phengaris teleius,MZCHU,NA
9537188,Phengaris teleius,MZCHU,NA
9536899,Phengaris teleius,MZCHU,NA
12671058,Phengaris nausithous,MZCHU,NA
12671364,Phengaris teleius,MZCHU,NA
7774887,Phengaris nausithous,MZCHU,NA
7774887,Phengaris teleius,MZCHU,NA
7775111,Phengaris nausithous,MZCHU,NA
7774679,Phengaris nausithous,MZCHU,NA
7604973,Phengaris nausithous,MZCHU,NA
7604979,Phengaris nausithous,MZCHU,NA
7604977,Phengaris nausithous,MZCHU,NA
7775111,Phengaris teleius,MZCHU,NA
7774679,Phengaris teleius,MZCHU,NA
10190863,Phengaris nausithous,MZCHU,NA
7955864,Phengaris nausithous,MZCHU,NA
7955864,Phengaris teleius,MZCHU,NA
7955864,Phengaris teleius,MZCHU,NA
12671332,Phengaris nausithous,MZCHU,NA
7187670,Phengaris nausithous,MZCHU,NA
7028548,Phengaris nausithous,MZCHU,NA
8271551,Phengaris nausithous,MZCHU,NA
8241946,Phengaris nausithous,MZCHU,NA
8241946,Phengaris teleius,MZCHU,NA
10654778,Phengaris nausithous,MZCHU,NA
10104065,Phengaris nausithous,MZCHU,NA
10083511,Phengaris nausithous,MZCHU,NA
10083510,Phengaris nausithous,MZCHU,NA
10083509,Phengaris nausithous,MZCHU,NA
10083739,Phengaris nausithous,MZCHU,NA
10083738,Phengaris nausithous,MZCHU,NA
9628913,Phengaris nausithous,MZCHU,NA
9387767,Phengaris nausithous,MZCHU,NA
9387766,Phengaris nausithous,MZCHU,NA
9356570,Phengaris nausithous,MZCHU,NA
8642908,Phengaris nausithous,MZCHU,NA
8615152,Phengaris nausithous,MZCHU,NA
8190701,Phengaris nausithous,MZCHU,NA
8106107,Phengaris nausithous,MZCHU,NA
8106104,Phengaris nausithous,MZCHU,NA
7537604,Phengaris nausithous,MZCHU,NA
7537599,Phengaris nausithous,MZCHU,NA
7537596,Phengaris nausithous,MZCHU,NA
7535569,Phengaris nausithous,MZCHU,NA
7535568,Phengaris nausithous,MZCHU,NA
7187346,Phengaris nausithous,MZCHU,NA
8739094,Phengaris nausithous,MZCHU,NA
7187716,Phengaris nausithous,MZCHU,NA
7187715,Phengaris nausithous,MZCHU,NA
10059040,Phengaris teleius,MZCHU,NA
7298445,Phengaris nausithous,MZCHU,NA
8956761,Phengaris nausithous,MZCHU,NA
9679807,Phengaris nausithous,MZCHU,NA
8956573,Phengaris nausithous,MZCHU,NA
9679760,Phengaris nausithous,MZCHU,NA
8637223,Phengaris nausithous,MZCHU,NA
8574498,Phengaris nausithous,MZCHU,NA
8574497,Phengaris nausithous,MZCHU,NA
8121640,Phengaris nausithous,MZCHU,NA
8121639,Phengaris nausithous,MZCHU,NA
8574555,Phengaris nausithous,MZCHU,NA
8574621,Phengaris nausithous,MZCHU,NA
8574620,Phengaris nausithous,MZCHU,NA
7774960,Phengaris nausithous,MZCHU,NA
7774960,Phengaris teleius,MZCHU,NA
10238648,Phengaris nausithous,MZCHU,NA
10238629,Phengaris nausithous,MZCHU,NA
10238617,Phengaris nausithous,MZCHU,NA
10238611,Phengaris nausithous,MZCHU,NA
10238613,Phengaris nausithous,MZCHU,NA
10238615,Phengaris nausithous,MZCHU,NA
10238609,Phengaris nausithous,MZCHU,NA
10083611,Phengaris nausithous,MZCHU,NA
8089981,Phengaris nausithous,MZCHU,NA
8089980,Phengaris nausithous,MZCHU,NA
10238609,Phengaris teleius,MZCHU,NA
8089980,Phengaris teleius,MZCHU,NA
12671898,Phengaris nausithous,MZCHU,NA
9001097,Phengaris nausithous,MZCHU,NA
9001097,Phengaris nausithous,MZCHU,NA
8620639,Phengaris nausithous,MZCHU,NA
8319051,Phengaris nausithous,MZCHU,NA
9601118,Phengaris teleius,MZCHU,NA
8620639,Phengaris teleius,MZCHU,NA
8319051,Phengaris teleius,MZCHU,NA
7774853,Phengaris nausithous,MZCHU,NA
10223487,Phengaris teleius,MZCHU,NA
8655397,Phengaris teleius,MZCHU,NA
7774853,Phengaris teleius,MZCHU,NA
9305853,Phengaris nausithous,MZCHU,NA
9305853,Phengaris nausithous,MZCHU,NA
8772676,Phengaris nausithous,MZCHU,NA
8772676,Phengaris nausithous,MZCHU,NA
8620646,Phengaris nausithous,MZCHU,NA
8236029,Phengaris nausithous,MZCHU,NA
9305853,Phengaris teleius,MZCHU,NA
9305853,Phengaris teleius,MZCHU,NA
8772676,Phengaris teleius,MZCHU,NA
8772676,Phengaris teleius,MZCHU,NA
8620646,Phengaris teleius,MZCHU,NA
8236029,Phengaris teleius,MZCHU,NA
9527219,Phengaris nausithous,MZCHU,NA
9527217,Phengaris nausithous,MZCHU,NA
9527217,Phengaris nausithous,MZCHU,NA
9527219,Phengaris nausithous,MZCHU,NA
9527229,Phengaris nausithous,MZCHU,NA
9527229,Phengaris nausithous,MZCHU,NA
10242663,Phengaris teleius,MZCHU,NA
9527219,Phengaris teleius,MZCHU,NA
9527217,Phengaris teleius,MZCHU,NA
9527217,Phengaris teleius,MZCHU,NA
9527219,Phengaris teleius,MZCHU,NA
9527210,Phengaris teleius,MZCHU,NA
9527206,Phengaris teleius,MZCHU,NA
9527206,Phengaris teleius,MZCHU,NA
9527229,Phengaris teleius,MZCHU,NA
9527229,Phengaris teleius,MZCHU,NA
7281940,Phengaris nausithous,MZCHU,NA
7774151,Phengaris nausithous,MZCHU,NA
7774151,Phengaris teleius,MZCHU,NA
7774138,Phengaris teleius,MZCHU,NA
7774117,Phengaris teleius,MZCHU,NA
7392732,Phengaris teleius,MZCHU,NA
10164527,Phengaris teleius,MZCHU,NA
10661701,Phengaris nausithous,MZCHU,NA
10661701,Phengaris nausithous,MZCHU,NA
8998038,Phengaris nausithous,MZCHU,NA
8998038,Phengaris teleius,MZCHU,NA
9628736,Phengaris nausithous,MZCHU,NA
7187636,Phengaris nausithous,MZCHU,NA
7322896,Phengaris teleius,MZCHU,NA
7547946,Phengaris teleius,MZCHU,NA
7547946,Phengaris teleius,MZCHU,NA
7316880,Phengaris teleius,MZCHU,NA
7774069,Phengaris teleius,MZCHU,NA
8956766,Phengaris nausithous,MZCHU,NA
9619998,Phengaris teleius,MZCHU,NA
7295350,Phengaris nausithous,MZCHU,NA
7299880,Phengaris nausithous,MZCHU,NA
7299880,Phengaris nausithous,MZCHU,NA
7187061,Phengaris nausithous,MZCHU,NA
7295350,Phengaris teleius,MZCHU,NA
7568161,Phengaris nausithous,MZCHU,NA
9381660,Phengaris nausithous,MZCHU,NA
9381605,Phengaris nausithous,MZCHU,NA
9376665,Phengaris nausithous,MZCHU,NA
8574012,Phengaris nausithous,MZCHU,NA
8574010,Phengaris nausithous,MZCHU,NA
8574007,Phengaris nausithous,MZCHU,NA
7774921,Phengaris nausithous,MZCHU,NA
7774914,Phengaris nausithous,MZCHU,NA
7774914,Phengaris nausithous,MZCHU,NA
7774895,Phengaris nausithous,MZCHU,NA
8574013,Phengaris teleius,MZCHU,NA
8574011,Phengaris teleius,MZCHU,NA
8574008,Phengaris teleius,MZCHU,NA
7774921,Phengaris teleius,MZCHU,NA
7774914,Phengaris teleius,MZCHU,NA
7774914,Phengaris teleius,MZCHU,NA
7774895,Phengaris teleius,MZCHU,NA
8787625,Phengaris nausithous,MZCHU,NA
8787625,Phengaris nausithous,MZCHU,NA
8787619,Phengaris nausithous,MZCHU,NA
8787619,Phengaris nausithous,MZCHU,NA
8787625,Phengaris teleius,MZCHU,NA
8787625,Phengaris teleius,MZCHU,NA
8787619,Phengaris teleius,MZCHU,NA
8787619,Phengaris teleius,MZCHU,NA
8787619,Phengaris teleius,MZCHU,NA
10505883,Phengaris nausithous,MZCHU,NA
10505882,Phengaris nausithous,MZCHU,NA
7187607,Phengaris nausithous,MZCHU,NA
8795096,Phengaris nausithous,MZCHU,NA
8795144,Phengaris nausithous,MZCHU,NA
8953640,Phengaris nausithous,MZCHU,NA
8795019,Phengaris nausithous,MZCHU,NA
8795111,Phengaris nausithous,MZCHU,NA
8795068,Phengaris nausithous,MZCHU,NA
8795045,Phengaris nausithous,MZCHU,NA
8795030,Phengaris nausithous,MZCHU,NA
8574554,Phengaris nausithous,MZCHU,NA
9679857,Phengaris nausithous,MZCHU,NA
9679856,Phengaris nausithous,MZCHU,NA
7775995,Phengaris nausithous,MZCHU,NA
7045124,Phengaris nausithous,MZCHU,NA
12671821,Phengaris nausithous,MZCHU,NA
9488176,Phengaris nausithous,MZCHU,NA
8998024,Phengaris teleius,MZCHU,NA
8998023,Phengaris teleius,MZCHU,NA
10204738,Phengaris nausithous,MZCHU,NA
8626277,Phengaris teleius,MZCHU,NA
12671821,Phengaris nausithous,MZCHU,NA
12671983,Phengaris nausithous,MZCHU,NA
12672063,Phengaris nausithous,MZCHU,NA
12672063,Phengaris nausithous,MZCHU,NA
8105744,Phengaris nausithous,MZCHU,NA
9922600,Phengaris nausithous,MZCHU,NA
9628735,Phengaris nausithous,MZCHU,NA
8642943,Phengaris nausithous,MZCHU,NA
9922139,Phengaris teleius,MZCHU,NA
8642925,Phengaris teleius,MZCHU,NA
12670996,Phengaris nausithous,MZCHU,NA
9363076,Phengaris teleius,MZCHU,NA
1818114,Phengaris teleius,MZCHU,NA
10150538,Phengaris nausithous,MZCHU,NA
1817978,Phengaris nausithous,MZCHU,NA
12671112,Phengaris teleius,MZCHU,NA
10150538,Phengaris teleius,MZCHU,NA
8610641,Phengaris teleius,MZCHU,NA
1817978,Phengaris teleius,MZCHU,NA
9591668,Phengaris nausithous,MZCHU,NA
9378141,Phengaris nausithous,MZCHU,NA
8574043,Phengaris nausithous,MZCHU,NA
8574044,Phengaris teleius,MZCHU,NA
10643145,Phengaris teleius,MZCHU,NA
9536146,Phengaris teleius,MZCHU,NA
7282054,Phengaris nausithous,MZCHU,NA
7966193,Phengaris nausithous,MZCHU,NA
7537494,Phengaris nausithous,MZCHU,NA
7176051,Phengaris nausithous,MZCHU,NA
7176051,Phengaris nausithous,MZCHU,NA
7176051,Phengaris teleius,MZCHU,NA
7176051,Phengaris teleius,MZCHU,NA
10089121,Phengaris nausithous,MZCHU,NA
7176043,Phengaris nausithous,MZCHU,NA
7176043,Phengaris teleius,MZCHU,NA
6953926,Phengaris teleius,MZCHU,NA
12671351,Phengaris nausithous,MZCHU,NA
12671561,Phengaris nausithous,MZCHU,NA
12671808,Phengaris nausithous,MZCHU,NA
12671973,Phengaris nausithous,MZCHU,NA
12671283,Phengaris nausithous,MZCHU,NA
12671599,Phengaris nausithous,MZCHU,NA
8631724,Phengaris nausithous,MZCHU,NA
8631719,Phengaris nausithous,MZCHU,NA
8631713,Phengaris nausithous,MZCHU,NA
8622484,Phengaris nausithous,MZCHU,NA
7037363,Phengaris nausithous,MZCHU,NA
7775093,Phengaris nausithous,MZCHU,NA
7775093,Phengaris teleius,MZCHU,NA
12671966,Phengaris nausithous,MZCHU,NA
7587627,Phengaris nausithous,MZCHU,NA
12671992,Phengaris nausithous,MZCHU,NA
12670911,Phengaris nausithous,MZCHU,NA
12671000,Phengaris nausithous,MZCHU,NA
12672029,Phengaris nausithous,MZCHU,NA
12671701,Phengaris nausithous,MZCHU,NA
12671069,Phengaris nausithous,MZCHU,NA
12671412,Phengaris nausithous,MZCHU,NA
8770162,Phengaris nausithous,MZCHU,NA
8318958,Phengaris nausithous,MZCHU,NA
7954948,Phengaris nausithous,MZCHU,NA
12671790,Phengaris teleius,MZCHU,NA
12670940,Phengaris teleius,MZCHU,NA
12671185,Phengaris teleius,MZCHU,NA
12671925,Phengaris teleius,MZCHU,NA
12670899,Phengaris teleius,MZCHU,NA
12671715,Phengaris teleius,MZCHU,NA
12671839,Phengaris teleius,MZCHU,NA
8770163,Phengaris teleius,MZCHU,NA
